;feridos;veiculos;ano;CD_UF_IBGE;CD_MUNICIPIO_IBGE;classificacao_acidente_Com Vítimas Fatais;classificacao_acidente_Com Vítimas Feridas;classificacao_acidente_Ignorado;classificacao_acidente_Sem Vítimas;sentido_via_Crescente;sentido_via_Decrescente;sentido_via_Não Informado;tipo_pista_Dupla;tipo_pista_Múltipla;tipo_pista_Simples;uso_solo_Não;uso_solo_Rural;uso_solo_Sim;uso_solo_Urbano;causa_acidente_freq;tipo_acidente_freq;condicao_metereologica_freq;tracado_via_freq;dia_semana_num_sen;dia_semana_num_cos;mes_sen;mes_cos;hora_sen;hora_cos;fase_dia_encoded;br_km_freq_normal;km_relativo
202;0;2;2007;29;2925303;0.0;0.0;0.0;1.0;1.0;0.0;0.0;0.0;0.0;1.0;0.0;0.0;0.0;1.0;505012;288147;1124644;101456;0.0;1.0;0.49999999999999994;0.8660254037844387;-0.8660254037844386;0.5000000000000001;3.0;0.0001;
203;0;1;2007;43;4317608;0.0;0.0;0.0;1.0;0.0;1.0;0.0;1.0;0.0;0.0;0.0;1.0;0.0;0.0;35001;230929;1124644;1486976;0.7818314824680298;0.6234898018587336;0.49999999999999994;0.8660254037844387;0.25881904510252074;0.9659258262890683;3.0;0.0001;
204;0;1;2007;52;5208400;0.0;0.0;1.0;0.0;1.0;0.0;0.0;1.0;0.0;0.0;0.0;1.0;0.0;0.0;133299;95937;339957;428291;0.0;1.0;0.49999999999999994;0.8660254037844387;-1.0;-1.8369701987210297e-16;2.0;0.0001;
205;5;2;2007;42;4215703;0.0;1.0;0.0;0.0;1.0;0.0;0.0;0.0;0.0;1.0;0.0;1.0;0.0;0.0;133299;288147;339957;428291;0.0;1.0;0.49999999999999994;0.8660254037844387;-0.8660254037844385;-0.5000000000000004;1.0;0.0001;
206;0;2;2007;52;5201108;0.0;0.0;0.0;1.0;0.0;1.0;0.0;0.0;0.0;1.0;0.0;0.0;0.0;1.0;505012;288147;339957;1486976;0.0;1.0;0.49999999999999994;0.8660254037844387;-0.2588190451025208;-0.9659258262890683;1.0;0.0001;
207;0;2;2007;26;2602902;0.0;0.0;0.0;1.0;1.0;0.0;0.0;0.0;1.0;0.0;0.0;1.0;0.0;0.0;40637;551186;37075;428291;0.7818314824680298;0.6234898018587336;0.49999999999999994;0.8660254037844387;0.0;1.0;3.0;0.00011774672176174753;
208;1;1;2007;31;3118601;0.0;1.0;0.0;0.0;0.0;1.0;0.0;1.0;0.0;0.0;0.0;0.0;0.0;1.0;505012;43755;1124644;1486976;0.0;1.0;0.49999999999999994;0.8660254037844387;-0.7071067811865471;-0.7071067811865479;1.0;0.0001;26.714285714285715
209;3;1;2007;28;2802908;0.0;1.0;0.0;0.0;1.0;0.0;0.0;0.0;0.0;1.0;0.0;1.0;0.0;0.0;61083;43755;1124644;1486976;0.0;1.0;0.49999999999999994;0.8660254037844387;-1.0;-1.8369701987210297e-16;3.0;0.0001;
210;3;1;2007;42;4202602;0.0;1.0;0.0;0.0;1.0;0.0;0.0;0.0;0.0;1.0;0.0;1.0;0.0;0.0;133299;93846;339957;1486976;0.7818314824680298;0.6234898018587336;0.49999999999999994;0.8660254037844387;0.0;1.0;3.0;0.0001;0.42806539509536784
211;0;2;2007;42;4207106;0.0;0.0;0.0;1.0;1.0;0.0;0.0;0.0;0.0;1.0;0.0;1.0;0.0;0.0;157307;551186;245893;1486976;0.0;1.0;0.49999999999999994;0.8660254037844387;-0.4999999999999997;-0.8660254037844388;1.0;0.0001;0.15133333333333332
212;0;2;2007;22;2202208;0.0;0.0;0.0;1.0;1.0;0.0;0.0;0.0;0.0;1.0;0.0;0.0;0.0;1.0;505012;551186;245893;1486976;0.0;1.0;0.49999999999999994;0.8660254037844387;-0.7071067811865471;-0.7071067811865479;1.0;0.0001;
213;0;3;2007;23;2304400;0.0;0.0;0.0;1.0;0.0;1.0;0.0;0.0;1.0;0.0;0.0;0.0;0.0;1.0;505012;551186;245893;1486976;0.0;1.0;0.49999999999999994;0.8660254037844387;-0.9659258262890683;-0.25881904510252063;1.0;0.0001;
214;0;1;2007;43;4309209;0.0;0.0;0.0;1.0;1.0;0.0;0.0;1.0;0.0;0.0;0.0;1.0;0.0;0.0;62408;19044;1124644;1486976;0.0;1.0;0.49999999999999994;0.8660254037844387;-0.2588190451025208;-0.9659258262890683;1.0;0.0001;
215;0;2;2007;15;1504422;0.0;0.0;0.0;1.0;0.0;1.0;0.0;1.0;0.0;0.0;0.0;0.0;0.0;1.0;40637;155614;339957;1486976;0.0;1.0;0.49999999999999994;0.8660254037844387;-0.7071067811865471;-0.7071067811865479;1.0;0.00029505404208002105;
216;4;1;2007;43;4322400;0.0;1.0;0.0;0.0;1.0;0.0;0.0;0.0;0.0;1.0;0.0;1.0;0.0;0.0;449024;230929;1124644;1486976;0.0;1.0;0.49999999999999994;0.8660254037844387;-0.9659258262890683;-0.25881904510252063;1.0;0.0001;2.589592760180995
217;0;2;2007;42;4211306;0.0;0.0;0.0;1.0;1.0;0.0;0.0;0.0;0.0;1.0;0.0;1.0;0.0;0.0;157307;551186;245893;1486976;0.0;1.0;0.49999999999999994;0.8660254037844387;-0.4999999999999997;-0.8660254037844388;1.0;0.0001;
218;0;1;2007;35;3534708;0.0;0.0;0.0;1.0;0.0;1.0;0.0;1.0;0.0;0.0;0.0;1.0;0.0;0.0;54811;35726;386016;1486976;0.7818314824680298;0.6234898018587336;0.49999999999999994;0.8660254037844387;0.49999999999999994;0.8660254037844387;3.0;0.0001;
219;0;3;2007;42;4209409;0.0;0.0;0.0;1.0;1.0;0.0;0.0;0.0;0.0;1.0;0.0;1.0;0.0;0.0;505012;551186;245893;1486976;0.0;1.0;0.49999999999999994;0.8660254037844387;-0.9659258262890683;-0.25881904510252063;1.0;0.00014248727808522754;
220;2;2;2007;25;2501807;0.0;1.0;0.0;0.0;1.0;0.0;0.0;1.0;0.0;0.0;0.0;0.0;0.0;1.0;54811;35726;386016;1486976;0.7818314824680298;0.6234898018587336;0.49999999999999994;0.8660254037844387;0.49999999999999994;0.8660254037844387;3.0;0.0001;
221;4;4;2007;42;4209409;0.0;1.0;0.0;0.0;1.0;0.0;0.0;0.0;0.0;1.0;0.0;0.0;0.0;1.0;505012;99197;245893;1486976;0.0;1.0;0.49999999999999994;0.8660254037844387;-0.4999999999999997;-0.8660254037844388;1.0;0.0001;12.710204081632652
222;0;1;2007;43;4322509;0.0;0.0;0.0;1.0;0.0;1.0;0.0;0.0;0.0;1.0;0.0;1.0;0.0;0.0;61083;114825;1124644;428291;0.0;1.0;0.49999999999999994;0.8660254037844387;-0.25881904510252157;0.9659258262890681;3.0;0.0001;0.07650751934588991
223;0;2;2007;15;1504422;0.0;0.0;0.0;1.0;0.0;1.0;0.0;1.0;0.0;0.0;0.0;1.0;0.0;0.0;505012;551186;1124644;1486976;0.0;1.0;0.49999999999999994;0.8660254037844387;-1.0;-1.8369701987210297e-16;2.0;0.00029505404208002105;
224;1;1;2007;22;2205706;0.0;1.0;0.0;0.0;0.0;1.0;0.0;0.0;0.0;1.0;0.0;0.0;0.0;1.0;157307;18434;245893;1486976;0.0;1.0;0.49999999999999994;0.8660254037844387;-0.9659258262890683;-0.25881904510252063;1.0;0.0001;
225;0;1;2007;35;3522208;0.0;0.0;0.0;1.0;0.0;1.0;0.0;1.0;0.0;0.0;0.0;0.0;0.0;1.0;40637;230929;386016;1486976;0.7818314824680298;0.6234898018587336;0.49999999999999994;0.8660254037844387;0.49999999999999994;0.8660254037844387;3.0;0.0001;
226;1;3;2007;31;3136652;0.0;1.0;0.0;0.0;0.0;1.0;0.0;0.0;0.0;1.0;0.0;1.0;0.0;0.0;449024;551186;1124644;1486976;0.0;1.0;0.49999999999999994;0.8660254037844387;-1.0;-1.8369701987210297e-16;1.0;0.0001;0.14900743403316724
227;0;1;2007;41;4109609;0.0;0.0;0.0;1.0;1.0;0.0;0.0;1.0;0.0;0.0;0.0;1.0;0.0;0.0;449024;230929;21339;428291;0.0;1.0;0.49999999999999994;0.8660254037844387;1.2246467991473532e-16;-1.0;1.0;0.0001;
228;0;1;2007;35;3526605;0.0;0.0;0.0;1.0;1.0;0.0;0.0;1.0;0.0;0.0;0.0;1.0;0.0;0.0;449024;93846;386016;1486976;0.7818314824680298;0.6234898018587336;0.49999999999999994;0.8660254037844387;0.25881904510252074;0.9659258262890683;3.0;0.00022633027451479873;
229;1;2;2007;42;4202404;0.0;1.0;0.0;0.0;1.0;0.0;0.0;0.0;0.0;1.0;0.0;0.0;0.0;1.0;63300;155614;386016;1486976;0.0;1.0;0.49999999999999994;0.8660254037844387;-0.7071067811865477;0.7071067811865474;3.0;0.0001;
230;2;2;2007;42;4211900;0.0;1.0;0.0;0.0;0.0;1.0;0.0;0.0;0.0;1.0;0.0;0.0;0.0;1.0;63300;155614;386016;1486976;0.0;1.0;0.49999999999999994;0.8660254037844387;-0.8660254037844386;0.5000000000000001;3.0;0.0001;0.04314963643321852
231;1;1;2007;35;3518800;0.0;1.0;0.0;0.0;1.0;0.0;0.0;0.0;1.0;0.0;0.0;0.0;0.0;1.0;449024;95937;339957;1486976;0.0;1.0;0.49999999999999994;0.8660254037844387;-0.7071067811865471;-0.7071067811865479;1.0;0.0006432544644104807;
232;1;2;2007;42;4216206;0.0;1.0;0.0;0.0;1.0;0.0;0.0;0.0;0.0;1.0;0.0;1.0;0.0;0.0;35001;155614;386016;1486976;0.0;1.0;0.49999999999999994;0.8660254037844387;-0.8660254037844385;-0.5000000000000004;1.0;0.0001;0.004313156940920624
233;0;2;2007;42;4214300;0.0;0.0;0.0;1.0;1.0;0.0;0.0;0.0;0.0;1.0;0.0;1.0;0.0;0.0;157307;551186;339957;428291;0.7818314824680298;0.6234898018587336;0.49999999999999994;0.8660254037844387;0.9659258262890683;-0.25881904510252063;1.0;0.0001;
234;0;3;2007;42;4211900;0.0;0.0;0.0;1.0;0.0;1.0;0.0;0.0;0.0;1.0;0.0;0.0;0.0;1.0;505012;551186;339957;1486976;0.7818314824680298;0.6234898018587336;0.49999999999999994;0.8660254037844387;1.0;6.123233995736766e-17;0.0;0.0001;
235;3;1;2007;42;4214300;0.0;1.0;0.0;0.0;1.0;0.0;0.0;0.0;0.0;1.0;0.0;1.0;0.0;0.0;133299;230929;339957;428291;0.7818314824680298;0.6234898018587336;0.49999999999999994;0.8660254037844387;1.0;6.123233995736766e-17;0.0;0.0001;0.10147540983606557
236;0;2;2007;35;3549805;0.0;0.0;0.0;1.0;1.0;0.0;0.0;0.0;0.0;1.0;0.0;0.0;0.0;1.0;61083;288147;339957;1486976;0.0;1.0;0.49999999999999994;0.8660254037844387;0.8660254037844386;0.5000000000000001;3.0;0.0001;
237;0;2;2007;26;2604106;0.0;0.0;0.0;1.0;1.0;0.0;0.0;1.0;0.0;0.0;0.0;1.0;0.0;0.0;449024;288147;1124644;1486976;0.0;1.0;0.49999999999999994;0.8660254037844387;-0.9659258262890683;-0.25881904510252063;1.0;0.0001;
238;0;2;2007;42;4207502;0.0;0.0;0.0;1.0;1.0;0.0;0.0;0.0;0.0;1.0;0.0;0.0;0.0;1.0;63300;155614;386016;428291;0.7818314824680298;0.6234898018587336;0.49999999999999994;0.8660254037844387;0.9659258262890683;-0.25881904510252063;1.0;0.0001;
239;2;1;2007;43;4303103;0.0;1.0;0.0;0.0;1.0;0.0;0.0;1.0;0.0;0.0;0.0;0.0;0.0;1.0;54811;93846;1124644;1486976;0.0;1.0;0.49999999999999994;0.8660254037844387;0.25881904510252074;0.9659258262890683;3.0;0.0001;
240;2;1;2007;52;5212501;0.0;1.0;0.0;0.0;1.0;0.0;0.0;1.0;0.0;0.0;0.0;0.0;0.0;1.0;449024;95937;339957;1486976;0.0;1.0;0.49999999999999994;0.8660254037844387;0.7071067811865476;0.7071067811865476;3.0;0.0001;
241;0;2;2007;28;2802908;0.0;0.0;0.0;1.0;0.0;1.0;0.0;0.0;0.0;1.0;0.0;1.0;0.0;0.0;449024;288147;339957;1486976;0.7818314824680298;0.6234898018587336;0.49999999999999994;0.8660254037844387;1.0;6.123233995736766e-17;0.0;0.0001;0.19389155799588195
242;1;2;2007;41;4125506;0.0;1.0;0.0;0.0;1.0;0.0;0.0;1.0;0.0;0.0;0.0;0.0;0.0;1.0;505012;551186;386016;1486976;0.7818314824680298;0.6234898018587336;0.49999999999999994;0.8660254037844387;0.8660254037844387;-0.4999999999999998;1.0;0.0001;0.0011574074074074076
243;0;1;2007;43;4304358;0.0;0.0;0.0;1.0;0.0;1.0;0.0;0.0;0.0;1.0;0.0;1.0;0.0;0.0;40637;230929;1124644;1486976;0.7818314824680298;0.6234898018587336;0.49999999999999994;0.8660254037844387;0.8660254037844387;-0.4999999999999998;0.0;0.0001;
244;0;1;2007;31;3147006;0.0;0.0;0.0;1.0;0.0;1.0;0.0;0.0;0.0;1.0;0.0;1.0;0.0;0.0;505012;230929;339957;1486976;0.7818314824680298;0.6234898018587336;0.49999999999999994;0.8660254037844387;0.9659258262890683;-0.25881904510252063;1.0;0.0001;
245;0;2;2007;51;5107602;0.0;0.0;0.0;1.0;0.0;1.0;0.0;0.0;0.0;1.0;0.0;1.0;0.0;0.0;505012;551186;339957;1486976;0.7818314824680298;0.6234898018587336;0.49999999999999994;0.8660254037844387;0.9659258262890683;-0.25881904510252063;0.0;0.0001;
246;0;2;2007;42;4214300;0.0;0.0;0.0;1.0;1.0;0.0;0.0;0.0;0.0;1.0;0.0;1.0;0.0;0.0;505012;551186;339957;428291;0.7818314824680298;0.6234898018587336;0.49999999999999994;0.8660254037844387;0.8660254037844387;-0.4999999999999998;1.0;0.0001;
247;0;1;2007;25;2504009;0.0;0.0;0.0;1.0;0.0;1.0;0.0;1.0;0.0;0.0;0.0;1.0;0.0;0.0;449024;230929;339957;428291;0.7818314824680298;0.6234898018587336;0.49999999999999994;0.8660254037844387;0.9659258262890683;-0.25881904510252063;1.0;0.0001;
248;0;1;2007;43;4312054;0.0;0.0;0.0;1.0;0.0;1.0;0.0;0.0;0.0;1.0;0.0;1.0;0.0;0.0;505012;230929;1124644;428291;0.7818314824680298;0.6234898018587336;0.49999999999999994;0.8660254037844387;0.7071067811865476;-0.7071067811865475;1.0;0.0001;
249;0;3;2007;43;4318705;0.0;0.0;0.0;1.0;1.0;0.0;0.0;0.0;1.0;0.0;0.0;0.0;0.0;1.0;505012;288147;245893;1486976;0.7818314824680298;0.6234898018587336;0.49999999999999994;0.8660254037844387;0.7071067811865476;-0.7071067811865475;1.0;0.0001;
250;1;2;2007;25;2500601;1.0;0.0;0.0;0.0;0.0;1.0;0.0;0.0;0.0;1.0;0.0;1.0;0.0;0.0;35001;99197;245893;1486976;0.0;1.0;0.49999999999999994;0.8660254037844387;-0.8660254037844385;-0.5000000000000004;1.0;0.0001;0.21669865642994243
251;2;2;2007;42;4213302;0.0;1.0;0.0;0.0;0.0;1.0;0.0;1.0;0.0;0.0;0.0;1.0;0.0;0.0;505012;99197;386016;428291;0.7818314824680298;0.6234898018587336;0.49999999999999994;0.8660254037844387;0.8660254037844387;-0.4999999999999998;1.0;0.0001;0.30824427480916033
252;0;3;2007;43;4314159;0.0;0.0;0.0;1.0;1.0;0.0;0.0;0.0;0.0;1.0;0.0;1.0;0.0;0.0;505012;551186;245893;1486976;0.7818314824680298;0.6234898018587336;0.49999999999999994;0.8660254037844387;0.7071067811865476;-0.7071067811865475;1.0;0.0001;
253;2;1;2007;27;2709152;1.0;0.0;0.0;0.0;1.0;0.0;0.0;0.0;0.0;1.0;0.0;1.0;0.0;0.0;449024;230929;339957;428291;0.7818314824680298;0.6234898018587336;0.49999999999999994;0.8660254037844387;0.8660254037844386;0.5000000000000001;0.0;0.0001;
254;0;1;2007;27;2704302;0.0;0.0;0.0;1.0;0.0;1.0;0.0;0.0;0.0;1.0;0.0;1.0;0.0;0.0;449024;230929;339957;1486976;0.7818314824680298;0.6234898018587336;0.49999999999999994;0.8660254037844387;0.7071067811865476;-0.7071067811865475;1.0;0.0001;
255;1;1;2007;29;2905602;0.0;1.0;0.0;0.0;0.0;1.0;0.0;0.0;0.0;1.0;0.0;1.0;0.0;0.0;449024;43755;339957;428291;0.7818314824680298;0.6234898018587336;0.49999999999999994;0.8660254037844387;0.7071067811865476;-0.7071067811865475;0.0;0.0001;
256;0;4;2007;42;4201307;0.0;0.0;0.0;1.0;0.0;1.0;0.0;1.0;0.0;0.0;0.0;1.0;0.0;0.0;505012;551186;386016;1486976;0.7818314824680298;0.6234898018587336;0.49999999999999994;0.8660254037844387;0.49999999999999994;-0.8660254037844387;1.0;0.0001;
257;0;2;2007;42;4200606;0.0;0.0;0.0;1.0;1.0;0.0;0.0;0.0;0.0;1.0;0.0;1.0;0.0;0.0;505012;551186;386016;1486976;0.7818314824680298;0.6234898018587336;0.49999999999999994;0.8660254037844387;0.7071067811865476;-0.7071067811865475;1.0;0.0001;
258;0;1;2007;52;5212501;0.0;0.0;0.0;1.0;0.0;1.0;0.0;0.0;0.0;1.0;0.0;1.0;0.0;0.0;40637;230929;1124644;1486976;0.7818314824680298;0.6234898018587336;0.49999999999999994;0.8660254037844387;0.9659258262890683;-0.25881904510252063;1.0;0.0001;
259;1;2;2007;43;4313508;0.0;1.0;0.0;0.0;0.0;1.0;0.0;1.0;0.0;0.0;0.0;0.0;0.0;1.0;505012;155614;245893;101456;0.7818314824680298;0.6234898018587336;0.49999999999999994;0.8660254037844387;0.8660254037844387;-0.4999999999999998;3.0;0.0001;0.016669490089784855
260;0;1;2007;43;4320107;0.0;0.0;0.0;1.0;0.0;1.0;0.0;0.0;0.0;1.0;0.0;1.0;0.0;0.0;449024;19044;1124644;1486976;0.7818314824680298;0.6234898018587336;0.49999999999999994;0.8660254037844387;0.49999999999999994;-0.8660254037844387;1.0;0.0001;
261;0;2;2007;42;4202008;0.0;0.0;0.0;1.0;0.0;1.0;0.0;1.0;0.0;0.0;0.0;0.0;0.0;1.0;157307;551186;339957;1486976;0.7818314824680298;0.6234898018587336;0.49999999999999994;0.8660254037844387;0.8660254037844387;-0.4999999999999998;1.0;0.00024236582028001728;
262;1;2;2007;24;2407104;0.0;1.0;0.0;0.0;0.0;1.0;0.0;0.0;0.0;1.0;0.0;0.0;0.0;1.0;23400;288147;386016;428291;0.7818314824680298;0.6234898018587336;0.49999999999999994;0.8660254037844387;0.8660254037844387;-0.4999999999999998;1.0;0.0001;0.0013396127681841968
263;0;3;2007;24;2401206;0.0;0.0;0.0;1.0;1.0;0.0;0.0;0.0;0.0;1.0;0.0;1.0;0.0;0.0;157307;551186;386016;1486976;0.7818314824680298;0.6234898018587336;0.49999999999999994;0.8660254037844387;0.9659258262890683;-0.25881904510252063;1.0;0.0001;
264;0;4;2007;15;1500800;0.0;0.0;0.0;1.0;0.0;1.0;0.0;1.0;0.0;0.0;0.0;0.0;0.0;1.0;157307;551186;1124644;1486976;0.7818314824680298;0.6234898018587336;0.49999999999999994;0.8660254037844387;0.49999999999999994;-0.8660254037844387;1.0;0.0001;
265;0;1;2007;35;3504107;0.0;0.0;0.0;1.0;1.0;0.0;0.0;1.0;0.0;0.0;0.0;1.0;0.0;0.0;449024;95937;339957;1486976;0.7818314824680298;0.6234898018587336;0.49999999999999994;0.8660254037844387;1.0;6.123233995736766e-17;1.0;0.0001;0.058091286307053944
266;2;2;2007;24;2402600;0.0;1.0;0.0;0.0;0.0;1.0;0.0;0.0;0.0;1.0;0.0;0.0;0.0;1.0;449024;155614;386016;101456;0.7818314824680298;0.6234898018587336;0.49999999999999994;0.8660254037844387;0.49999999999999994;-0.8660254037844387;1.0;0.0001;
267;0;2;2007;42;4206900;0.0;0.0;0.0;1.0;1.0;0.0;0.0;0.0;0.0;1.0;0.0;1.0;0.0;0.0;157307;551186;386016;1486976;0.7818314824680298;0.6234898018587336;0.49999999999999994;0.8660254037844387;0.49999999999999994;-0.8660254037844387;1.0;0.0001;0.019293078055964655
268;0;1;2007;31;3109006;0.0;0.0;0.0;1.0;0.0;1.0;0.0;1.0;0.0;0.0;0.0;1.0;0.0;0.0;449024;230929;339957;428291;0.7818314824680298;0.6234898018587336;0.49999999999999994;0.8660254037844387;0.8660254037844387;-0.4999999999999998;1.0;0.0001;3.4092122830440585
269;0;2;2007;43;4317608;0.0;0.0;0.0;1.0;1.0;0.0;0.0;1.0;0.0;0.0;0.0;1.0;0.0;0.0;157307;551186;1124644;1486976;0.7818314824680298;0.6234898018587336;0.49999999999999994;0.8660254037844387;1.2246467991473532e-16;-1.0;1.0;0.0001;
270;0;3;2007;15;1500800;0.0;0.0;0.0;1.0;0.0;1.0;0.0;1.0;0.0;0.0;0.0;0.0;0.0;1.0;505012;551186;386016;1486976;0.7818314824680298;0.6234898018587336;0.49999999999999994;0.8660254037844387;0.49999999999999994;-0.8660254037844387;1.0;0.0001;0.01723209477652127
271;0;4;2007;42;4206900;0.0;0.0;0.0;1.0;1.0;0.0;0.0;0.0;0.0;1.0;0.0;1.0;0.0;0.0;157307;551186;386016;1486976;0.7818314824680298;0.6234898018587336;0.49999999999999994;0.8660254037844387;0.258819045102521;-0.9659258262890682;1.0;0.0001;
272;0;1;2007;41;4104006;0.0;0.0;0.0;1.0;1.0;0.0;0.0;1.0;0.0;0.0;0.0;1.0;0.0;0.0;449024;114825;386016;1486976;0.7818314824680298;0.6234898018587336;0.49999999999999994;0.8660254037844387;0.258819045102521;-0.9659258262890682;1.0;0.0001;0.09066901408450705
273;0;2;2007;42;4202008;0.0;0.0;0.0;1.0;0.0;1.0;0.0;1.0;0.0;0.0;0.0;0.0;0.0;1.0;157307;551186;339957;1486976;0.7818314824680298;0.6234898018587336;0.49999999999999994;0.8660254037844387;0.7071067811865476;-0.7071067811865475;1.0;0.0001;
274;0;1;2007;31;3147402;0.0;0.0;0.0;1.0;1.0;0.0;0.0;0.0;0.0;1.0;0.0;1.0;0.0;0.0;505012;551186;386016;1486976;0.7818314824680298;0.6234898018587336;0.49999999999999994;0.8660254037844387;0.8660254037844387;-0.4999999999999998;1.0;0.0001;
275;0;2;2007;42;4204301;0.0;0.0;0.0;1.0;0.0;1.0;0.0;0.0;0.0;1.0;0.0;1.0;0.0;0.0;157307;551186;245893;1486976;0.7818314824680298;0.6234898018587336;0.49999999999999994;0.8660254037844387;0.49999999999999994;-0.8660254037844387;1.0;0.0001;
276;0;1;2007;31;3148004;0.0;0.0;0.0;1.0;0.0;1.0;0.0;0.0;0.0;1.0;0.0;1.0;0.0;0.0;449024;230929;339957;1486976;0.7818314824680298;0.6234898018587336;0.49999999999999994;0.8660254037844387;0.49999999999999994;-0.8660254037844387;1.0;0.0001;
277;0;3;2007;32;3203205;0.0;0.0;0.0;1.0;0.0;1.0;0.0;0.0;1.0;0.0;0.0;0.0;0.0;1.0;505012;551186;339957;101456;0.7818314824680298;0.6234898018587336;0.49999999999999994;0.8660254037844387;0.258819045102521;-0.9659258262890682;1.0;0.0003239180244574144;0.024546389358808506
278;1;2;2007;42;4203600;0.0;1.0;0.0;0.0;0.0;1.0;0.0;0.0;0.0;1.0;0.0;1.0;0.0;0.0;505012;288147;1124644;1486976;0.7818314824680298;0.6234898018587336;0.49999999999999994;0.8660254037844387;0.258819045102521;-0.9659258262890682;3.0;0.0001;
279;0;2;2007;43;4322509;0.0;0.0;0.0;1.0;1.0;0.0;0.0;0.0;0.0;1.0;0.0;0.0;0.0;1.0;449024;155614;1124644;101456;0.7818314824680298;0.6234898018587336;0.49999999999999994;0.8660254037844387;1.2246467991473532e-16;-1.0;1.0;0.0001;
280;1;2;2007;15;1504208;0.0;1.0;0.0;0.0;0.0;1.0;0.0;0.0;0.0;1.0;0.0;0.0;0.0;1.0;63300;288147;1124644;1486976;0.7818314824680298;0.6234898018587336;0.49999999999999994;0.8660254037844387;0.8660254037844387;-0.4999999999999998;1.0;0.00023503528507306024;0.016741071428571428
281;0;2;2007;29;2910800;0.0;0.0;0.0;1.0;0.0;1.0;0.0;0.0;0.0;1.0;0.0;0.0;0.0;1.0;449024;288147;245893;1486976;0.7818314824680298;0.6234898018587336;0.49999999999999994;0.8660254037844387;0.49999999999999994;-0.8660254037844387;1.0;0.00017684916186783869;
282;0;3;2007;43;4315602;0.0;0.0;0.0;1.0;0.0;1.0;0.0;0.0;0.0;1.0;0.0;0.0;0.0;1.0;157307;551186;1124644;1486976;0.0;1.0;0.49999999999999994;0.8660254037844387;-0.9659258262890684;0.2588190451025203;1.0;0.0001;0.00038466822365709573
283;0;2;2007;31;3156700;0.0;0.0;0.0;1.0;0.0;1.0;0.0;0.0;0.0;1.0;0.0;0.0;0.0;1.0;505012;288147;1124644;428291;0.7818314824680298;0.6234898018587336;0.49999999999999994;0.8660254037844387;1.2246467991473532e-16;-1.0;1.0;0.0001;
284;1;1;2007;35;3556354;0.0;1.0;0.0;0.0;1.0;0.0;0.0;1.0;0.0;0.0;0.0;1.0;0.0;0.0;62408;52260;386016;1486976;0.7818314824680298;0.6234898018587336;0.49999999999999994;0.8660254037844387;0.7071067811865476;-0.7071067811865475;1.0;0.0001;
285;0;2;2007;35;3529906;0.0;0.0;0.0;1.0;0.0;1.0;0.0;0.0;0.0;1.0;0.0;1.0;0.0;0.0;505012;551186;245893;1486976;0.7818314824680298;0.6234898018587336;0.49999999999999994;0.8660254037844387;0.8660254037844387;-0.4999999999999998;1.0;0.0001;0.5109649122807017
286;0;2;2007;26;2604106;0.0;0.0;0.0;1.0;0.0;1.0;0.0;0.0;0.0;1.0;0.0;1.0;0.0;0.0;505012;551186;339957;1486976;0.7818314824680298;0.6234898018587336;0.49999999999999994;0.8660254037844387;0.9659258262890683;-0.25881904510252063;1.0;0.0001;
287;0;1;2007;33;3300225;0.0;0.0;0.0;1.0;0.0;1.0;0.0;1.0;0.0;0.0;0.0;1.0;0.0;0.0;133299;230929;339957;428291;0.0;1.0;0.49999999999999994;0.8660254037844387;-0.4999999999999997;-0.8660254037844388;1.0;0.0001;0.08220973782771536
288;0;3;2007;29;2910800;0.0;0.0;0.0;1.0;0.0;1.0;0.0;1.0;0.0;0.0;0.0;0.0;0.0;1.0;505012;551186;386016;428291;0.7818314824680298;0.6234898018587336;0.49999999999999994;0.8660254037844387;0.49999999999999994;-0.8660254037844387;3.0;0.0001;
289;2;1;2007;43;4304663;0.0;1.0;0.0;0.0;0.0;1.0;0.0;0.0;0.0;1.0;0.0;1.0;0.0;0.0;62408;52260;1124644;1486976;0.7818314824680298;0.6234898018587336;0.49999999999999994;0.8660254037844387;-0.2588190451025208;-0.9659258262890683;1.0;0.0001;
290;0;2;2007;27;2704302;0.0;0.0;0.0;1.0;1.0;0.0;0.0;1.0;0.0;0.0;0.0;0.0;0.0;1.0;157307;551186;339957;1486976;0.7818314824680298;0.6234898018587336;0.49999999999999994;0.8660254037844387;0.8660254037844387;-0.4999999999999998;1.0;0.0001;0.01361204954954955
291;0;2;2007;31;3160702;0.0;0.0;0.0;1.0;0.0;1.0;0.0;0.0;0.0;1.0;0.0;1.0;0.0;0.0;505012;551186;339957;1486976;0.0;1.0;0.49999999999999994;0.8660254037844387;-0.8660254037844385;-0.5000000000000004;1.0;0.0001;
292;0;1;2007;31;3136702;0.0;0.0;0.0;1.0;0.0;1.0;0.0;0.0;0.0;1.0;0.0;1.0;0.0;0.0;62408;230929;339957;1486976;0.7818314824680298;0.6234898018587336;0.49999999999999994;0.8660254037844387;0.49999999999999994;-0.8660254037844387;1.0;0.0001;