;feridos;veiculos;ano;CD_UF_IBGE;CD_MUNICIPIO_IBGE;classificacao_acidente_Com Vítimas Fatais;classificacao_acidente_Com Vítimas Feridas;classificacao_acidente_Ignorado;classificacao_acidente_Sem Vítimas;sentido_via_Crescente;sentido_via_Decrescente;sentido_via_Não Informado;tipo_pista_Dupla;tipo_pista_Múltipla;tipo_pista_Simples;uso_solo_Não;uso_solo_Rural;uso_solo_Sim;uso_solo_Urbano;causa_acidente_freq;tipo_acidente_freq;condicao_metereologica_freq;tracado_via_freq;dia_semana_num_sen;dia_semana_num_cos;mes_sen;mes_cos;hora_sen;hora_cos;fase_dia_encoded;br_km_freq_normal;km_relativo
469;0;2;2007;24;2408003;0.0;0.0;0.0;1.0;0.0;1.0;0.0;0.0;0.0;1.0;0.0;0.0;0.0;1.0;157307;551186;1124644;1486976;0.7818314824680298;0.6234898018587336;0.49999999999999994;0.8660254037844387;-0.9659258262890684;0.2588190451025203;3.0;0.0001;1.4393939393939394
470;0;1;2007;31;3105608;0.0;0.0;0.0;1.0;0.0;1.0;0.0;1.0;0.0;0.0;0.0;1.0;0.0;0.0;133299;230929;339957;428291;0.7818314824680298;0.6234898018587336;0.49999999999999994;0.8660254037844387;-1.0;-1.8369701987210297e-16;2.0;0.0001;0.228825962456252
471;0;2;2007;32;3205002;0.0;0.0;0.0;1.0;1.0;0.0;0.0;0.0;1.0;0.0;0.0;0.0;0.0;1.0;505012;551186;339957;101456;0.7818314824680298;0.6234898018587336;0.49999999999999994;0.8660254037844387;0.8660254037844387;-0.4999999999999998;1.0;0.0001;0.20644171779141104
472;0;2;2007;31;3104007;0.0;0.0;0.0;1.0;1.0;0.0;0.0;0.0;0.0;1.0;0.0;1.0;0.0;0.0;157307;551186;339957;1486976;0.0;1.0;0.49999999999999994;0.8660254037844387;-0.7071067811865471;-0.7071067811865479;1.0;0.0001;1.0500305064063453
474;0;1;2007;21;2105401;0.0;0.0;0.0;1.0;0.0;1.0;0.0;0.0;0.0;1.0;0.0;1.0;0.0;0.0;449024;95937;339957;1486976;0.7818314824680298;0.6234898018587336;0.49999999999999994;0.8660254037844387;-0.8660254037844385;-0.5000000000000004;1.0;0.0001;0.5015015015015015
475;0;2;2007;43;4315602;0.0;0.0;0.0;1.0;1.0;0.0;0.0;0.0;1.0;0.0;0.0;1.0;0.0;0.0;505012;551186;1124644;1486976;0.7818314824680298;0.6234898018587336;0.49999999999999994;0.8660254037844387;-0.7071067811865477;0.7071067811865474;3.0;0.0001;0.9017241379310345
476;0;1;2007;35;3518404;0.0;0.0;0.0;1.0;1.0;0.0;0.0;0.0;0.0;1.0;0.0;0.0;0.0;1.0;449024;114825;339957;428291;0.7818314824680298;0.6234898018587336;0.49999999999999994;0.8660254037844387;-0.2588190451025208;-0.9659258262890683;1.0;0.00021166920410088465;0.06403940886699508
477;0;1;2007;33;3300225;0.0;0.0;0.0;1.0;0.0;1.0;0.0;1.0;0.0;0.0;0.0;1.0;0.0;0.0;449024;230929;339957;428291;0.7818314824680298;0.6234898018587336;0.49999999999999994;0.8660254037844387;1.2246467991473532e-16;-1.0;1.0;0.0001;0.16649323621227888
478;0;2;2007;42;4204004;0.0;0.0;0.0;1.0;1.0;0.0;0.0;0.0;0.0;1.0;0.0;1.0;0.0;0.0;505012;155614;386016;428291;0.7818314824680298;0.6234898018587336;0.49999999999999994;0.8660254037844387;-0.7071067811865471;-0.7071067811865479;1.0;0.0001;
479;0;3;2007;42;4212304;0.0;0.0;0.0;1.0;1.0;0.0;0.0;0.0;0.0;1.0;0.0;1.0;0.0;0.0;505012;551186;1124644;1486976;0.7818314824680298;0.6234898018587336;0.49999999999999994;0.8660254037844387;-1.0;-1.8369701987210297e-16;1.0;0.0001;
480;2;1;2007;22;2207702;0.0;1.0;0.0;0.0;1.0;0.0;0.0;0.0;0.0;1.0;0.0;0.0;0.0;1.0;505012;52260;1124644;1486976;0.7818314824680298;0.6234898018587336;0.49999999999999994;0.8660254037844387;-0.7071067811865471;-0.7071067811865479;1.0;0.0001;0.21271763815291447
481;1;1;2007;22;2205953;0.0;1.0;0.0;0.0;1.0;0.0;0.0;0.0;0.0;1.0;0.0;0.0;0.0;1.0;505012;43755;1124644;1486976;0.7818314824680298;0.6234898018587336;0.49999999999999994;0.8660254037844387;-0.9659258262890683;-0.25881904510252063;1.0;0.0001;
482;1;1;2007;50;5007208;0.0;1.0;0.0;0.0;0.0;1.0;0.0;0.0;0.0;1.0;0.0;1.0;0.0;0.0;449024;230929;339957;1486976;0.7818314824680298;0.6234898018587336;0.49999999999999994;0.8660254037844387;-1.0;-1.8369701987210297e-16;2.0;0.0001;2.317236255572065
483;0;1;2007;33;3300951;0.0;0.0;0.0;1.0;0.0;1.0;0.0;1.0;0.0;0.0;0.0;1.0;0.0;0.0;449024;93846;339957;428291;0.7818314824680298;0.6234898018587336;0.49999999999999994;0.8660254037844387;1.2246467991473532e-16;-1.0;1.0;0.0003367464610695892;
484;0;2;2007;43;4308300;0.0;0.0;0.0;1.0;0.0;1.0;0.0;0.0;0.0;1.0;0.0;1.0;0.0;0.0;157307;551186;1124644;1486976;0.7818314824680298;0.6234898018587336;0.49999999999999994;0.8660254037844387;0.7071067811865476;-0.7071067811865475;1.0;0.0001;1.6616257088846882
485;1;1;2007;43;4317905;0.0;1.0;0.0;0.0;1.0;0.0;0.0;0.0;0.0;1.0;0.0;1.0;0.0;0.0;133299;230929;1124644;428291;0.7818314824680298;0.6234898018587336;0.49999999999999994;0.8660254037844387;-1.0;-1.8369701987210297e-16;1.0;0.0001;5.091428571428571
486;1;2;2007;24;2408102;0.0;1.0;0.0;0.0;1.0;0.0;0.0;0.0;1.0;0.0;0.0;0.0;0.0;1.0;157307;551186;1124644;1486976;0.7818314824680298;0.6234898018587336;0.49999999999999994;0.8660254037844387;-0.9659258262890684;0.2588190451025203;3.0;0.0001;
487;0;2;2007;31;3139409;0.0;0.0;0.0;1.0;1.0;0.0;0.0;0.0;0.0;1.0;0.0;0.0;0.0;1.0;505012;288147;339957;1486976;0.7818314824680298;0.6234898018587336;0.49999999999999994;0.8660254037844387;-0.9659258262890683;-0.25881904510252063;1.0;0.0001;0.19723320158102767
488;0;3;2007;42;4218707;0.0;0.0;0.0;1.0;1.0;0.0;0.0;0.0;0.0;1.0;0.0;0.0;0.0;1.0;505012;551186;245893;1486976;0.7818314824680298;0.6234898018587336;0.49999999999999994;0.8660254037844387;0.9659258262890683;-0.25881904510252063;1.0;0.0001;56.6271186440678
489;0;2;2007;32;3205002;0.0;0.0;0.0;1.0;0.0;1.0;0.0;0.0;1.0;0.0;0.0;0.0;0.0;1.0;505012;551186;339957;1486976;0.7818314824680298;0.6234898018587336;0.49999999999999994;0.8660254037844387;-0.7071067811865477;0.7071067811865474;3.0;0.0001;3.52324037184595
490;0;1;2007;31;3149903;0.0;0.0;0.0;1.0;1.0;0.0;0.0;1.0;0.0;0.0;0.0;1.0;0.0;0.0;449024;230929;339957;428291;0.7818314824680298;0.6234898018587336;0.49999999999999994;0.8660254037844387;-0.7071067811865471;-0.7071067811865479;1.0;0.0001;3.580487804878049
491;3;1;2007;35;3509254;0.0;1.0;0.0;0.0;1.0;0.0;0.0;0.0;0.0;1.0;0.0;1.0;0.0;0.0;449024;95937;339957;428291;0.7818314824680298;0.6234898018587336;0.49999999999999994;0.8660254037844387;0.258819045102521;-0.9659258262890682;1.0;0.0001;
492;0;3;2007;33;3304524;0.0;0.0;0.0;1.0;1.0;0.0;0.0;0.0;0.0;1.0;0.0;1.0;0.0;0.0;449024;288147;339957;1486976;0.7818314824680298;0.6234898018587336;0.49999999999999994;0.8660254037844387;-0.8660254037844386;0.5000000000000001;3.0;0.0001;
493;0;1;2007;33;3300951;0.0;0.0;0.0;1.0;0.0;1.0;0.0;1.0;0.0;0.0;0.0;1.0;0.0;0.0;449024;93846;339957;428291;0.7818314824680298;0.6234898018587336;0.49999999999999994;0.8660254037844387;-0.9659258262890683;-0.25881904510252063;1.0;0.00033766277797045885;0.008032128514056224
494;2;1;2007;33;3300308;0.0;1.0;0.0;0.0;1.0;0.0;0.0;0.0;0.0;1.0;0.0;1.0;0.0;0.0;133299;93846;339957;428291;0.0;1.0;0.49999999999999994;0.8660254037844387;-0.2588190451025208;-0.9659258262890683;1.0;0.0001;2.377880184331797
495;0;2;2007;29;2906501;0.0;0.0;0.0;1.0;1.0;0.0;0.0;1.0;0.0;0.0;0.0;1.0;0.0;0.0;54811;35726;1124644;428291;0.7818314824680298;0.6234898018587336;0.49999999999999994;0.8660254037844387;-0.9659258262890683;-0.25881904510252063;1.0;0.0001;18.036253776435043
496;0;2;2007;41;4105300;0.0;0.0;0.0;1.0;0.0;1.0;0.0;0.0;0.0;1.0;0.0;1.0;0.0;0.0;505012;288147;339957;1486976;0.7818314824680298;0.6234898018587336;0.49999999999999994;0.8660254037844387;-0.5000000000000004;0.8660254037844384;3.0;0.0001;
497;0;2;2007;43;4317608;0.0;0.0;0.0;1.0;0.0;1.0;0.0;1.0;0.0;0.0;0.0;1.0;0.0;0.0;505012;551186;1124644;1486976;0.9749279121818236;-0.22252093395631434;0.49999999999999994;0.8660254037844387;0.0;1.0;3.0;0.0001;
498;0;1;2007;31;3124104;0.0;0.0;0.0;1.0;1.0;0.0;0.0;1.0;0.0;0.0;0.0;1.0;0.0;0.0;449024;230929;339957;428291;0.7818314824680298;0.6234898018587336;0.49999999999999994;0.8660254037844387;-0.7071067811865471;-0.7071067811865479;1.0;0.0001;36.88805970149254
499;2;2;2007;52;5206206;0.0;1.0;0.0;0.0;0.0;1.0;0.0;0.0;0.0;1.0;0.0;1.0;0.0;0.0;157307;230929;245893;1486976;0.7818314824680298;0.6234898018587336;0.49999999999999994;0.8660254037844387;-0.2588190451025208;-0.9659258262890683;1.0;0.0001;0.27343516022761305
500;1;1;2007;41;4104006;0.0;1.0;0.0;0.0;0.0;1.0;0.0;1.0;0.0;0.0;0.0;1.0;0.0;0.0;133299;95937;339957;428291;0.7818314824680298;0.6234898018587336;0.49999999999999994;0.8660254037844387;-0.5000000000000004;0.8660254037844384;3.0;0.00017226757736349055;
501;0;2;2007;31;3118601;0.0;0.0;0.0;1.0;1.0;0.0;0.0;1.0;0.0;0.0;0.0;0.0;0.0;1.0;449024;99197;339957;428291;0.7818314824680298;0.6234898018587336;0.49999999999999994;0.8660254037844387;-1.0;-1.8369701987210297e-16;3.0;0.0001;4.68968968968969
502;0;2;2007;42;4205902;0.0;0.0;0.0;1.0;0.0;1.0;0.0;0.0;0.0;1.0;0.0;1.0;0.0;0.0;505012;551186;339957;1486976;0.7818314824680298;0.6234898018587336;0.49999999999999994;0.8660254037844387;-0.25881904510252157;0.9659258262890681;3.0;0.0001;
503;1;2;2007;11;1100205;0.0;1.0;0.0;0.0;0.0;1.0;0.0;1.0;0.0;0.0;0.0;0.0;0.0;1.0;505012;155614;1124644;101456;0.7818314824680298;0.6234898018587336;0.49999999999999994;0.8660254037844387;-0.9659258262890684;0.2588190451025203;3.0;0.00018097258792175203;
504;0;2;2007;32;3205002;0.0;0.0;0.0;1.0;0.0;1.0;0.0;1.0;0.0;0.0;0.0;0.0;0.0;1.0;157307;551186;339957;101456;0.7818314824680298;0.6234898018587336;0.49999999999999994;0.8660254037844387;0.7071067811865476;-0.7071067811865475;1.0;0.0001;
505;0;1;2007;23;2306108;0.0;0.0;0.0;1.0;1.0;0.0;0.0;0.0;0.0;1.0;0.0;0.0;0.0;1.0;54811;35726;386016;1486976;0.0;1.0;0.49999999999999994;0.8660254037844387;-0.9659258262890684;0.2588190451025203;3.0;0.0001;2.112033195020747
506;0;2;2007;42;4211900;0.0;0.0;0.0;1.0;1.0;0.0;0.0;0.0;0.0;1.0;0.0;1.0;0.0;0.0;505012;288147;386016;1486976;0.7818314824680298;0.6234898018587336;0.49999999999999994;0.8660254037844387;-0.9659258262890683;-0.25881904510252063;1.0;0.0001;
507;0;2;2007;52;5201108;0.0;0.0;0.0;1.0;1.0;0.0;0.0;0.0;0.0;1.0;0.0;0.0;0.0;1.0;449024;551186;339957;428291;0.0;1.0;0.49999999999999994;0.8660254037844387;-0.2588190451025208;-0.9659258262890683;1.0;0.0001;
508;0;1;2007;35;3524600;0.0;0.0;0.0;1.0;1.0;0.0;0.0;1.0;0.0;0.0;0.0;1.0;0.0;0.0;449024;95937;339957;428291;0.7818314824680298;0.6234898018587336;0.49999999999999994;0.8660254037844387;-0.9659258262890683;-0.25881904510252063;2.0;0.0001;
509;1;2;2007;52;5208707;0.0;1.0;0.0;0.0;1.0;0.0;0.0;1.0;0.0;0.0;0.0;1.0;0.0;0.0;449024;288147;386016;428291;0.7818314824680298;0.6234898018587336;0.49999999999999994;0.8660254037844387;1.2246467991473532e-16;-1.0;1.0;0.0001;
510;0;1;2007;41;4109609;0.0;0.0;0.0;1.0;1.0;0.0;0.0;1.0;0.0;0.0;0.0;1.0;0.0;0.0;133299;93846;339957;1486976;0.7818314824680298;0.6234898018587336;0.49999999999999994;0.8660254037844387;-1.0;-1.8369701987210297e-16;1.0;0.0001;
511;0;2;2007;41;4108304;0.0;0.0;0.0;1.0;1.0;0.0;0.0;1.0;0.0;0.0;0.0;0.0;0.0;1.0;505012;551186;339957;1486976;0.7818314824680298;0.6234898018587336;0.49999999999999994;0.8660254037844387;-0.8660254037844386;0.5000000000000001;3.0;0.0001;
512;1;2;2007;50;5003702;0.0;1.0;0.0;0.0;1.0;0.0;0.0;0.0;0.0;1.0;0.0;1.0;0.0;0.0;449024;18434;1124644;1486976;0.7818314824680298;0.6234898018587336;0.49999999999999994;0.8660254037844387;-0.8660254037844386;0.5000000000000001;3.0;0.0001;
513;1;2;2007;15;1500800;0.0;1.0;0.0;0.0;1.0;0.0;0.0;1.0;0.0;0.0;0.0;0.0;0.0;1.0;63300;155614;1124644;1486976;0.0;1.0;0.49999999999999994;0.8660254037844387;1.0;6.123233995736766e-17;0.0;0.0006029365207722169;
514;1;2;2007;35;3524402;0.0;1.0;0.0;0.0;0.0;1.0;0.0;1.0;0.0;0.0;0.0;1.0;0.0;0.0;133299;155614;339957;428291;0.7818314824680298;0.6234898018587336;0.49999999999999994;0.8660254037844387;-0.9659258262890683;-0.25881904510252063;1.0;0.0003830204645635056;
515;0;2;2007;31;3131901;0.0;0.0;0.0;1.0;0.0;1.0;0.0;0.0;0.0;1.0;0.0;1.0;0.0;0.0;505012;155614;339957;1486976;0.7818314824680298;0.6234898018587336;0.49999999999999994;0.8660254037844387;-0.9659258262890683;-0.25881904510252063;1.0;0.00010262749289739863;
516;0;2;2007;33;3300308;0.0;0.0;0.0;1.0;0.0;1.0;0.0;0.0;0.0;1.0;0.0;1.0;0.0;0.0;449024;288147;339957;101456;0.0;1.0;0.49999999999999994;0.8660254037844387;-0.8660254037844385;-0.5000000000000004;1.0;0.0001;
517;0;1;2007;22;2203305;0.0;0.0;0.0;1.0;1.0;0.0;0.0;0.0;0.0;1.0;0.0;1.0;0.0;0.0;449024;230929;1124644;1486976;0.7818314824680298;0.6234898018587336;0.49999999999999994;0.8660254037844387;-0.5000000000000004;0.8660254037844384;3.0;0.0001;
518;2;1;2007;33;3306305;0.0;1.0;0.0;0.0;1.0;0.0;0.0;0.0;0.0;1.0;0.0;0.0;0.0;1.0;157307;551186;339957;1486976;0.0;1.0;0.49999999999999994;0.8660254037844387;-0.8660254037844385;-0.5000000000000004;1.0;0.0001;
519;2;2;2007;22;2207702;0.0;1.0;0.0;0.0;0.0;1.0;0.0;1.0;0.0;0.0;0.0;0.0;0.0;1.0;449024;18434;1124644;1486976;0.7818314824680298;0.6234898018587336;0.49999999999999994;0.8660254037844387;-1.0;-1.8369701987210297e-16;3.0;0.0001;
520;0;2;2007;42;4208302;0.0;0.0;0.0;1.0;0.0;1.0;0.0;1.0;0.0;0.0;0.0;0.0;0.0;1.0;505012;551186;386016;1486976;0.7818314824680298;0.6234898018587336;0.49999999999999994;0.8660254037844387;0.7071067811865476;-0.7071067811865475;1.0;0.0001;
521;1;1;2007;31;3133006;0.0;1.0;0.0;0.0;1.0;0.0;0.0;0.0;0.0;1.0;0.0;0.0;0.0;1.0;449024;288147;339957;428291;0.0;1.0;0.49999999999999994;0.8660254037844387;-0.4999999999999997;-0.8660254037844388;1.0;0.0001;
522;0;3;2007;33;3306206;0.0;0.0;0.0;1.0;1.0;0.0;0.0;0.0;0.0;1.0;0.0;1.0;0.0;0.0;449024;551186;339957;1486976;0.0;1.0;0.49999999999999994;0.8660254037844387;-0.9659258262890683;-0.25881904510252063;1.0;0.0001;
523;1;2;2007;24;2412203;0.0;1.0;0.0;0.0;0.0;1.0;0.0;0.0;0.0;1.0;0.0;0.0;0.0;1.0;449024;155614;1124644;1486976;0.7818314824680298;0.6234898018587336;0.49999999999999994;0.8660254037844387;-0.9659258262890683;-0.25881904510252063;2.0;0.0001;
524;5;1;2007;29;2931350;0.0;1.0;0.0;0.0;1.0;0.0;0.0;0.0;0.0;1.0;0.0;1.0;0.0;0.0;449024;95937;37075;1486976;0.7818314824680298;0.6234898018587336;0.49999999999999994;0.8660254037844387;-0.7071067811865477;0.7071067811865474;3.0;0.0001;
525;0;2;2007;24;2408003;0.0;0.0;0.0;1.0;1.0;0.0;0.0;0.0;0.0;1.0;0.0;0.0;0.0;1.0;505012;551186;1124644;1486976;0.7818314824680298;0.6234898018587336;0.49999999999999994;0.8660254037844387;0.8660254037844387;-0.4999999999999998;1.0;0.0001;
526;0;1;2007;31;3104007;0.0;0.0;0.0;1.0;1.0;0.0;0.0;0.0;0.0;1.0;0.0;1.0;0.0;0.0;62408;19044;339957;428291;0.7818314824680298;0.6234898018587336;0.49999999999999994;0.8660254037844387;-0.7071067811865477;0.7071067811865474;3.0;0.0001;
527;0;2;2007;52;5205109;0.0;0.0;0.0;1.0;0.0;1.0;0.0;0.0;0.0;1.0;0.0;1.0;0.0;0.0;133299;551186;339957;1486976;0.7818314824680298;0.6234898018587336;0.49999999999999994;0.8660254037844387;-1.0;-1.8369701987210297e-16;1.0;0.0001;
528;3;2;2007;52;5218607;0.0;1.0;0.0;0.0;0.0;1.0;0.0;0.0;0.0;1.0;0.0;1.0;0.0;0.0;35001;43755;37075;1486976;0.7818314824680298;0.6234898018587336;0.49999999999999994;0.8660254037844387;-0.8660254037844386;0.5000000000000001;3.0;0.0001;
529;1;1;2007;27;2700409;0.0;1.0;0.0;0.0;1.0;0.0;0.0;0.0;0.0;1.0;0.0;1.0;0.0;0.0;449024;93846;1124644;428291;0.0;1.0;0.49999999999999994;0.8660254037844387;0.49999999999999994;-0.8660254037844387;1.0;0.0001;
530;1;1;2007;24;2404507;0.0;1.0;0.0;0.0;0.0;1.0;0.0;0.0;0.0;1.0;0.0;1.0;0.0;0.0;449024;95937;1124644;1486976;0.7818314824680298;0.6234898018587336;0.49999999999999994;0.8660254037844387;-0.9659258262890684;0.2588190451025203;3.0;0.0001;
531;1;1;2007;31;3161908;0.0;1.0;0.0;0.0;1.0;0.0;0.0;0.0;0.0;1.0;0.0;1.0;0.0;0.0;133299;95937;339957;428291;0.7818314824680298;0.6234898018587336;0.49999999999999994;0.8660254037844387;-0.8660254037844385;-0.5000000000000004;1.0;0.0001;
532;2;2;2007;33;3302007;0.0;1.0;0.0;0.0;0.0;1.0;0.0;0.0;0.0;1.0;0.0;0.0;0.0;1.0;63300;155614;339957;1486976;0.7818314824680298;0.6234898018587336;0.49999999999999994;0.8660254037844387;0.9659258262890683;-0.25881904510252063;1.0;0.0001;
533;0;3;2007;33;3304557;0.0;0.0;0.0;1.0;0.0;1.0;0.0;0.0;0.0;1.0;0.0;0.0;0.0;1.0;505012;551186;339957;1486976;0.7818314824680298;0.6234898018587336;0.49999999999999994;0.8660254037844387;0.49999999999999994;-0.8660254037844387;1.0;0.00011774672176174753;
534;0;1;2007;31;3106002;0.0;0.0;0.0;1.0;0.0;1.0;0.0;0.0;0.0;1.0;0.0;1.0;0.0;0.0;449024;230929;339957;428291;0.7818314824680298;0.6234898018587336;0.49999999999999994;0.8660254037844387;-0.9659258262890683;-0.25881904510252063;1.0;0.0001;
535;1;1;2007;31;3106903;0.0;1.0;0.0;0.0;0.0;1.0;0.0;0.0;0.0;1.0;0.0;1.0;0.0;0.0;449024;230929;339957;428291;0.7818314824680298;0.6234898018587336;0.49999999999999994;0.8660254037844387;-0.7071067811865471;-0.7071067811865479;1.0;0.0001;
536;0;1;2007;29;2916302;0.0;0.0;0.0;1.0;0.0;1.0;0.0;1.0;0.0;0.0;0.0;1.0;0.0;0.0;449024;95937;339957;428291;0.7818314824680298;0.6234898018587336;0.49999999999999994;0.8660254037844387;0.7071067811865476;-0.7071067811865475;1.0;0.0001;
537;8;2;2007;41;4104006;0.0;1.0;0.0;0.0;0.0;1.0;0.0;1.0;0.0;0.0;0.0;1.0;0.0;0.0;133299;551186;339957;428291;0.7818314824680298;0.6234898018587336;0.49999999999999994;0.8660254037844387;-0.9659258262890684;0.2588190451025203;1.0;0.0001;
538;0;2;2007;31;3136652;0.0;0.0;0.0;1.0;1.0;0.0;0.0;0.0;0.0;1.0;0.0;1.0;0.0;0.0;449024;230929;339957;428291;0.7818314824680298;0.6234898018587336;0.49999999999999994;0.8660254037844387;-0.8660254037844385;-0.5000000000000004;1.0;0.0001;
539;0;2;2007;17;1706506;0.0;0.0;0.0;1.0;1.0;0.0;0.0;0.0;0.0;1.0;0.0;1.0;0.0;0.0;505012;99197;1124644;1486976;0.7818314824680298;0.6234898018587336;0.49999999999999994;0.8660254037844387;-0.8660254037844386;0.5000000000000001;3.0;0.0001;
540;0;1;2007;52;5218300;0.0;0.0;0.0;1.0;0.0;1.0;0.0;0.0;0.0;1.0;0.0;1.0;0.0;0.0;449024;230929;339957;1486976;0.7818314824680298;0.6234898018587336;0.49999999999999994;0.8660254037844387;-1.0;-1.8369701987210297e-16;1.0;0.0001;
541;1;1;2007;31;3162005;0.0;1.0;0.0;0.0;1.0;0.0;0.0;1.0;0.0;0.0;0.0;1.0;0.0;0.0;449024;95937;339957;1486976;0.9749279121818236;-0.22252093395631434;0.49999999999999994;0.8660254037844387;0.25881904510252074;0.9659258262890683;3.0;0.0001;
542;0;2;2007;33;3301850;0.0;0.0;0.0;1.0;0.0;1.0;0.0;0.0;0.0;1.0;0.0;0.0;0.0;1.0;449024;99197;339957;1486976;0.7818314824680298;0.6234898018587336;0.49999999999999994;0.8660254037844387;0.258819045102521;-0.9659258262890682;3.0;0.000215792630154798;
543;0;1;2007;35;3542602;0.0;0.0;0.0;1.0;0.0;1.0;0.0;1.0;0.0;0.0;0.0;0.0;0.0;1.0;449024;9632;386016;1486976;0.9749279121818236;-0.22252093395631434;0.49999999999999994;0.8660254037844387;0.8660254037844386;0.5000000000000001;3.0;0.0001168304048608779;
544;0;2;2007;31;3145604;0.0;0.0;0.0;1.0;1.0;0.0;0.0;1.0;0.0;0.0;0.0;1.0;0.0;0.0;505012;288147;339957;1486976;0.7818314824680298;0.6234898018587336;0.49999999999999994;0.8660254037844387;-0.9659258262890683;-0.25881904510252063;1.0;0.0001;3.6936380481778874
545;0;1;2007;33;3301702;0.0;0.0;0.0;1.0;0.0;1.0;0.0;0.0;0.0;1.0;0.0;0.0;0.0;1.0;54811;230929;339957;428291;0.9749279121818236;-0.22252093395631434;0.49999999999999994;0.8660254037844387;0.7071067811865476;0.7071067811865476;3.0;0.0001;
546;0;2;2007;21;2105401;0.0;0.0;0.0;1.0;1.0;0.0;0.0;0.0;0.0;1.0;0.0;1.0;0.0;0.0;505012;551186;339957;1486976;0.7818314824680298;0.6234898018587336;0.49999999999999994;0.8660254037844387;-0.8660254037844385;-0.5000000000000004;1.0;0.0001;
547;2;2;2007;31;3146107;0.0;1.0;0.0;0.0;0.0;1.0;0.0;0.0;0.0;1.0;0.0;1.0;0.0;0.0;505012;551186;339957;1486976;0.7818314824680298;0.6234898018587336;0.49999999999999994;0.8660254037844387;-0.2588190451025208;-0.9659258262890683;1.0;0.0001;
548;0;2;2007;43;4304606;0.0;0.0;0.0;1.0;0.0;1.0;0.0;1.0;0.0;0.0;0.0;0.0;0.0;1.0;157307;288147;245893;1486976;0.7818314824680298;0.6234898018587336;0.49999999999999994;0.8660254037844387;0.9659258262890683;-0.25881904510252063;1.0;0.0005223006334956895;
549;0;2;2007;31;3136207;0.0;0.0;0.0;1.0;1.0;0.0;0.0;0.0;0.0;1.0;0.0;0.0;0.0;1.0;449024;551186;386016;1486976;0.7818314824680298;0.6234898018587336;0.49999999999999994;0.8660254037844387;-0.4999999999999997;-0.8660254037844388;1.0;0.0001;
550;1;2;2007;31;3124104;0.0;1.0;0.0;0.0;1.0;0.0;0.0;1.0;0.0;0.0;0.0;1.0;0.0;0.0;449024;155614;339957;1486976;0.7818314824680298;0.6234898018587336;0.49999999999999994;0.8660254037844387;-0.8660254037844385;-0.5000000000000004;1.0;0.0001;
551;1;2;2007;29;2932705;0.0;1.0;0.0;0.0;1.0;0.0;0.0;0.0;0.0;1.0;0.0;1.0;0.0;0.0;62408;230929;1124644;1486976;0.7818314824680298;0.6234898018587336;0.49999999999999994;0.8660254037844387;-0.9659258262890683;-0.25881904510252063;2.0;0.0001;
552;2;2;2007;24;2405108;1.0;0.0;0.0;0.0;0.0;1.0;0.0;0.0;0.0;1.0;0.0;1.0;0.0;0.0;505012;288147;1124644;1486976;0.7818314824680298;0.6234898018587336;0.49999999999999994;0.8660254037844387;-0.7071067811865477;0.7071067811865474;3.0;0.0001;0.3840782122905028
553;1;2;2007;42;4205407;0.0;1.0;0.0;0.0;0.0;1.0;0.0;1.0;0.0;0.0;0.0;0.0;0.0;1.0;157307;551186;1124644;1486976;0.7818314824680298;0.6234898018587336;0.49999999999999994;0.8660254037844387;-1.0;-1.8369701987210297e-16;1.0;0.0001;
554;0;2;2007;31;3127107;0.0;0.0;0.0;1.0;0.0;1.0;0.0;1.0;0.0;0.0;0.0;1.0;0.0;0.0;23400;551186;386016;1486976;0.9749279121818236;-0.22252093395631434;0.49999999999999994;0.8660254037844387;0.0;1.0;3.0;0.0001;
555;1;1;2007;25;2503209;0.0;1.0;0.0;0.0;1.0;0.0;0.0;1.0;0.0;0.0;0.0;0.0;0.0;1.0;449024;551186;386016;1486976;0.7818314824680298;0.6234898018587336;0.49999999999999994;0.8660254037844387;-0.8660254037844386;0.5000000000000001;3.0;0.0001;
556;0;1;2007;31;3138203;0.0;0.0;0.0;1.0;1.0;0.0;0.0;1.0;0.0;0.0;0.0;1.0;0.0;0.0;449024;93846;386016;1486976;0.7818314824680298;0.6234898018587336;0.49999999999999994;0.8660254037844387;-0.2588190451025208;-0.9659258262890683;1.0;0.0001;
557;0;1;2007;50;5002704;0.0;0.0;0.0;1.0;1.0;0.0;0.0;0.0;0.0;1.0;0.0;1.0;0.0;0.0;449024;230929;1124644;1486976;0.9749279121818236;-0.22252093395631434;0.49999999999999994;0.8660254037844387;0.7071067811865476;0.7071067811865476;3.0;0.0001;
558;5;2;2007;31;3118304;0.0;1.0;0.0;0.0;1.0;0.0;0.0;0.0;0.0;1.0;0.0;1.0;0.0;0.0;63300;99197;339957;428291;0.7818314824680298;0.6234898018587336;0.49999999999999994;0.8660254037844387;-0.8660254037844385;-0.5000000000000004;1.0;0.0001;