;feridos;veiculos;ano;CD_UF_IBGE;CD_MUNICIPIO_IBGE;classificacao_acidente_Com Vítimas Fatais;classificacao_acidente_Com Vítimas Feridas;classificacao_acidente_Ignorado;classificacao_acidente_Sem Vítimas;sentido_via_Crescente;sentido_via_Decrescente;sentido_via_Não Informado;tipo_pista_Dupla;tipo_pista_Múltipla;tipo_pista_Simples;uso_solo_Não;uso_solo_Rural;uso_solo_Sim;uso_solo_Urbano;causa_acidente_freq;tipo_acidente_freq;condicao_metereologica_freq;tracado_via_freq;dia_semana_num_sen;dia_semana_num_cos;mes_sen;mes_cos;hora_sen;hora_cos;fase_dia_encoded;br_km_freq_normal;km_relativo
737;1;1;2007;33;3305109;0.0;1.0;0.0;0.0;1.0;0.0;0.0;0.0;1.0;0.0;0.0;0.0;0.0;1.0;505012;95937;339957;1486976;0.9749279121818236;-0.22252093395631434;0.49999999999999994;0.8660254037844387;-0.9659258262890684;0.2588190451025203;2.0;0.0005113048306852538;
738;2;2;2007;32;3201605;0.0;1.0;0.0;0.0;0.0;1.0;0.0;0.0;0.0;1.0;0.0;1.0;0.0;0.0;35001;288147;386016;1486976;0.9749279121818236;-0.22252093395631434;0.49999999999999994;0.8660254037844387;-0.7071067811865471;-0.7071067811865479;1.0;0.0003230017075565448;
739;2;1;2007;29;2929503;0.0;1.0;0.0;0.0;0.0;1.0;0.0;1.0;0.0;0.0;0.0;1.0;0.0;0.0;505012;52260;1124644;1486976;0.0;1.0;0.49999999999999994;0.8660254037844387;-0.9659258262890684;0.2588190451025203;3.0;0.0001;
740;0;1;2007;35;3549953;0.0;0.0;0.0;1.0;1.0;0.0;0.0;1.0;0.0;0.0;0.0;1.0;0.0;0.0;133299;230929;339957;428291;0.9749279121818236;-0.22252093395631434;0.49999999999999994;0.8660254037844387;-0.8660254037844385;-0.5000000000000004;1.0;0.0001;
741;0;1;2007;31;3133709;0.0;0.0;0.0;1.0;1.0;0.0;0.0;1.0;0.0;0.0;0.0;1.0;0.0;0.0;449024;114825;339957;1486976;0.9749279121818236;-0.22252093395631434;0.49999999999999994;0.8660254037844387;-0.8660254037844385;-0.5000000000000004;1.0;0.0001;
742;0;2;2007;31;3138401;0.0;0.0;0.0;1.0;1.0;0.0;0.0;0.0;0.0;1.0;0.0;1.0;0.0;0.0;449024;288147;339957;1486976;0.9749279121818236;-0.22252093395631434;0.49999999999999994;0.8660254037844387;-0.7071067811865471;-0.7071067811865479;1.0;0.0001;
743;0;3;2007;32;3202207;0.0;0.0;0.0;1.0;0.0;1.0;0.0;0.0;0.0;1.0;0.0;0.0;0.0;1.0;505012;551186;339957;428291;0.7818314824680298;0.6234898018587336;0.49999999999999994;0.8660254037844387;0.7071067811865476;-0.7071067811865475;1.0;0.0001;
744;0;3;2007;52;5204706;0.0;0.0;0.0;1.0;0.0;1.0;0.0;1.0;0.0;0.0;0.0;1.0;0.0;0.0;63300;551186;245893;101456;0.9749279121818236;-0.22252093395631434;0.49999999999999994;0.8660254037844387;0.49999999999999994;-0.8660254037844387;3.0;0.0001;
745;2;2;2007;35;3555406;0.0;1.0;0.0;0.0;0.0;1.0;0.0;0.0;0.0;1.0;0.0;1.0;0.0;0.0;505012;288147;339957;1486976;0.7818314824680298;0.6234898018587336;0.49999999999999994;0.8660254037844387;-0.7071067811865477;0.7071067811865474;3.0;0.0001;
746;0;1;2007;41;4104006;0.0;0.0;0.0;1.0;1.0;0.0;0.0;1.0;0.0;0.0;0.0;1.0;0.0;0.0;505012;230929;37075;1486976;0.7818314824680298;0.6234898018587336;0.49999999999999994;0.8660254037844387;-0.25881904510252157;0.9659258262890681;3.0;0.0001;
747;1;1;2007;31;3104908;0.0;1.0;0.0;0.0;1.0;0.0;0.0;0.0;0.0;1.0;0.0;1.0;0.0;0.0;133299;230929;339957;428291;0.9749279121818236;-0.22252093395631434;0.49999999999999994;0.8660254037844387;-0.9659258262890683;-0.25881904510252063;1.0;0.0001;
748;2;1;2007;43;4317400;0.0;1.0;0.0;0.0;1.0;0.0;0.0;0.0;0.0;1.0;0.0;0.0;0.0;1.0;449024;230929;339957;1486976;0.9749279121818236;-0.22252093395631434;0.49999999999999994;0.8660254037844387;-0.9659258262890683;-0.25881904510252063;1.0;0.0001;
749;1;1;2007;43;4316907;0.0;1.0;0.0;0.0;1.0;0.0;0.0;0.0;0.0;1.0;0.0;1.0;0.0;0.0;449024;230929;386016;1486976;0.9749279121818236;-0.22252093395631434;0.49999999999999994;0.8660254037844387;-1.0;-1.8369701987210297e-16;1.0;0.0001;
750;0;1;2007;35;3526209;0.0;0.0;0.0;1.0;0.0;1.0;0.0;1.0;0.0;0.0;0.0;1.0;0.0;0.0;505012;93846;339957;1486976;0.9749279121818236;-0.22252093395631434;0.49999999999999994;0.8660254037844387;-0.2588190451025208;-0.9659258262890683;1.0;0.0001;
751;0;2;2007;42;4215653;0.0;0.0;0.0;1.0;0.0;1.0;0.0;0.0;0.0;1.0;0.0;1.0;0.0;0.0;505012;551186;1124644;1486976;0.9749279121818236;-0.22252093395631434;0.49999999999999994;0.8660254037844387;-0.4999999999999997;-0.8660254037844388;1.0;0.0001;
752;0;2;2007;31;3167202;0.0;0.0;0.0;1.0;1.0;0.0;0.0;0.0;0.0;1.0;0.0;1.0;0.0;0.0;449024;288147;339957;428291;0.9749279121818236;-0.22252093395631434;0.49999999999999994;0.8660254037844387;0.8660254037844387;-0.4999999999999998;1.0;0.0001;
753;0;3;2007;41;4115606;0.0;0.0;0.0;1.0;1.0;0.0;0.0;0.0;0.0;1.0;0.0;0.0;0.0;1.0;505012;551186;1124644;1486976;0.9749279121818236;-0.22252093395631434;0.49999999999999994;0.8660254037844387;-1.0;-1.8369701987210297e-16;1.0;0.0001;
754;0;1;2007;52;5201108;0.0;0.0;0.0;1.0;0.0;1.0;0.0;0.0;0.0;1.0;0.0;1.0;0.0;0.0;61083;230929;245893;1486976;0.7818314824680298;0.6234898018587336;0.49999999999999994;0.8660254037844387;-0.8660254037844385;-0.5000000000000004;1.0;0.0001;
755;0;1;2007;31;3110905;0.0;0.0;0.0;1.0;0.0;1.0;0.0;1.0;0.0;0.0;0.0;1.0;0.0;0.0;62408;230929;386016;1486976;0.7818314824680298;0.6234898018587336;0.49999999999999994;0.8660254037844387;0.7071067811865476;-0.7071067811865475;1.0;0.0001;
756;4;1;2007;51;5106752;0.0;1.0;0.0;0.0;1.0;0.0;0.0;0.0;0.0;1.0;0.0;1.0;0.0;0.0;449024;230929;245893;1486976;0.9749279121818236;-0.22252093395631434;0.49999999999999994;0.8660254037844387;-0.7071067811865471;-0.7071067811865479;1.0;0.0001;2.1831561733442357
757;0;2;2007;31;3152501;0.0;0.0;0.0;1.0;1.0;0.0;0.0;1.0;0.0;0.0;0.0;0.0;0.0;1.0;505012;551186;339957;1486976;0.7818314824680298;0.6234898018587336;0.49999999999999994;0.8660254037844387;0.9659258262890683;-0.25881904510252063;1.0;0.0001;
758;1;1;2007;33;3302254;0.0;1.0;0.0;0.0;1.0;0.0;0.0;1.0;0.0;0.0;0.0;1.0;0.0;0.0;449024;43755;339957;1486976;0.7818314824680298;0.6234898018587336;0.49999999999999994;0.8660254037844387;-0.25881904510252157;0.9659258262890681;3.0;0.0001;
759;0;1;2007;43;4314100;0.0;0.0;0.0;1.0;1.0;0.0;0.0;0.0;0.0;1.0;0.0;1.0;0.0;0.0;133299;230929;339957;1486976;0.9749279121818236;-0.22252093395631434;0.49999999999999994;0.8660254037844387;-1.0;-1.8369701987210297e-16;1.0;0.0001;1.5374112506826871
760;0;2;2007;31;3167202;0.0;0.0;0.0;1.0;0.0;1.0;0.0;1.0;0.0;0.0;0.0;1.0;0.0;0.0;23400;551186;386016;428291;0.9749279121818236;-0.22252093395631434;0.49999999999999994;0.8660254037844387;-0.9659258262890683;-0.25881904510252063;1.0;0.0001;
761;0;2;2007;29;2910727;0.0;0.0;0.0;1.0;1.0;0.0;0.0;0.0;0.0;1.0;0.0;0.0;0.0;1.0;449024;551186;386016;1486976;0.9749279121818236;-0.22252093395631434;0.49999999999999994;0.8660254037844387;-0.7071067811865471;-0.7071067811865479;1.0;0.0001;
762;0;1;2007;52;5208400;0.0;0.0;0.0;1.0;1.0;0.0;0.0;1.0;0.0;0.0;0.0;1.0;0.0;0.0;449024;230929;339957;1486976;0.9749279121818236;-0.22252093395631434;0.49999999999999994;0.8660254037844387;-0.4999999999999997;-0.8660254037844388;1.0;0.0001;2.443809523809524
763;0;2;2007;43;4311304;0.0;0.0;0.0;1.0;0.0;1.0;0.0;0.0;0.0;1.0;0.0;0.0;0.0;1.0;63300;155614;339957;1486976;0.9749279121818236;-0.22252093395631434;0.49999999999999994;0.8660254037844387;-0.9659258262890683;-0.25881904510252063;1.0;0.0001;
764;0;1;2007;31;3136306;0.0;0.0;0.0;1.0;0.0;1.0;0.0;0.0;0.0;1.0;0.0;1.0;0.0;0.0;449024;230929;339957;1486976;0.9749279121818236;-0.22252093395631434;0.49999999999999994;0.8660254037844387;1.0;6.123233995736766e-17;0.0;0.0001;
765;1;2;2007;29;2910800;0.0;1.0;0.0;0.0;1.0;0.0;0.0;0.0;0.0;1.0;0.0;0.0;0.0;1.0;505012;155614;1124644;1486976;0.9749279121818236;-0.22252093395631434;0.49999999999999994;0.8660254037844387;-0.8660254037844385;-0.5000000000000004;1.0;0.0001;
766;0;2;2007;31;3170206;0.0;0.0;0.0;1.0;1.0;0.0;0.0;0.0;0.0;1.0;0.0;0.0;0.0;1.0;449024;155614;339957;1486976;0.0;1.0;0.49999999999999994;0.8660254037844387;0.7071067811865476;0.7071067811865476;3.0;0.0001741002111652298;
767;0;1;2007;35;3526209;0.0;0.0;0.0;1.0;0.0;1.0;0.0;1.0;0.0;0.0;0.0;1.0;0.0;0.0;449024;95937;339957;428291;0.9749279121818236;-0.22252093395631434;0.49999999999999994;0.8660254037844387;-0.2588190451025208;-0.9659258262890683;1.0;0.0001;1.9511627906976745
768;1;2;2007;11;1100189;0.0;1.0;0.0;0.0;1.0;0.0;0.0;0.0;0.0;1.0;0.0;0.0;0.0;1.0;505012;288147;245893;1486976;0.9749279121818236;-0.22252093395631434;0.49999999999999994;0.8660254037844387;0.258819045102521;-0.9659258262890682;1.0;0.0001;
769;0;3;2007;42;4218707;0.0;0.0;0.0;1.0;1.0;0.0;0.0;0.0;0.0;1.0;0.0;0.0;0.0;1.0;505012;551186;245893;1486976;0.9749279121818236;-0.22252093395631434;0.49999999999999994;0.8660254037844387;-0.7071067811865471;-0.7071067811865479;1.0;0.0001470688625895757;
770;0;2;2007;12;1200252;0.0;0.0;0.0;1.0;0.0;1.0;0.0;0.0;0.0;1.0;0.0;0.0;0.0;1.0;505012;288147;1124644;1486976;0.9749279121818236;-0.22252093395631434;0.49999999999999994;0.8660254037844387;0.9659258262890683;-0.25881904510252063;1.0;0.0001;
771;0;2;2007;21;2100055;0.0;0.0;0.0;1.0;1.0;0.0;0.0;0.0;0.0;1.0;0.0;0.0;0.0;1.0;505012;288147;1124644;101456;0.9749279121818236;-0.22252093395631434;0.49999999999999994;0.8660254037844387;-1.0;-1.8369701987210297e-16;2.0;0.0001;
772;1;1;2007;31;3145604;0.0;1.0;0.0;0.0;1.0;0.0;0.0;1.0;0.0;0.0;0.0;1.0;0.0;0.0;449024;230929;339957;428291;0.9749279121818236;-0.22252093395631434;0.49999999999999994;0.8660254037844387;0.8660254037844387;-0.4999999999999998;1.0;0.0001;
773;0;2;2007;32;3203056;0.0;0.0;0.0;1.0;0.0;1.0;0.0;0.0;0.0;1.0;0.0;0.0;0.0;1.0;505012;155614;386016;1486976;0.0;1.0;0.49999999999999994;0.8660254037844387;-1.0;-1.8369701987210297e-16;2.0;0.0001;
774;0;2;2007;26;2611101;0.0;0.0;0.0;1.0;1.0;0.0;0.0;1.0;0.0;0.0;0.0;0.0;0.0;1.0;157307;551186;386016;101456;0.9749279121818236;-0.22252093395631434;0.49999999999999994;0.8660254037844387;-0.9659258262890683;-0.25881904510252063;1.0;0.0001;
775;0;2;2007;29;2927408;0.0;0.0;0.0;1.0;0.0;1.0;0.0;1.0;0.0;0.0;0.0;0.0;0.0;1.0;62408;14832;1124644;1486976;0.9749279121818236;-0.22252093395631434;0.49999999999999994;0.8660254037844387;0.49999999999999994;-0.8660254037844387;1.0;0.00021533447170436317;
776;0;2;2007;31;3131901;0.0;0.0;0.0;1.0;0.0;1.0;0.0;0.0;0.0;1.0;0.0;1.0;0.0;0.0;449024;155614;339957;428291;0.9749279121818236;-0.22252093395631434;0.49999999999999994;0.8660254037844387;-0.4999999999999997;-0.8660254037844388;1.0;0.0001;
777;0;2;2007;35;3549904;0.0;0.0;0.0;1.0;1.0;0.0;0.0;1.0;0.0;0.0;0.0;0.0;0.0;1.0;157307;551186;339957;1486976;0.9749279121818236;-0.22252093395631434;0.49999999999999994;0.8660254037844387;-0.8660254037844385;-0.5000000000000004;1.0;0.00041646603144524706;
778;0;1;2007;33;3300225;0.0;0.0;0.0;1.0;0.0;1.0;0.0;1.0;0.0;0.0;0.0;1.0;0.0;0.0;449024;93846;339957;428291;0.0;1.0;0.49999999999999994;0.8660254037844387;-0.4999999999999997;-0.8660254037844388;1.0;0.0001;
779;0;2;2007;42;4211900;0.0;0.0;0.0;1.0;0.0;1.0;0.0;0.0;0.0;1.0;0.0;1.0;0.0;0.0;505012;551186;339957;1486976;0.9749279121818236;-0.22252093395631434;0.49999999999999994;0.8660254037844387;1.0;6.123233995736766e-17;1.0;0.0001;
780;0;2;2007;35;3538006;0.0;0.0;0.0;1.0;0.0;1.0;0.0;1.0;0.0;0.0;0.0;1.0;0.0;0.0;157307;551186;386016;1486976;0.9749279121818236;-0.22252093395631434;0.49999999999999994;0.8660254037844387;-0.9659258262890683;-0.25881904510252063;1.0;0.00013882201048174902;
781;0;2;2007;33;3304201;0.0;0.0;0.0;1.0;0.0;1.0;0.0;1.0;0.0;0.0;0.0;0.0;0.0;1.0;505012;99197;386016;428291;0.9749279121818236;-0.22252093395631434;0.49999999999999994;0.8660254037844387;-0.2588190451025208;-0.9659258262890683;1.0;0.0001;
782;0;1;2007;35;3504107;0.0;0.0;0.0;1.0;0.0;1.0;0.0;1.0;0.0;0.0;0.0;1.0;0.0;0.0;449024;93846;339957;1486976;0.9749279121818236;-0.22252093395631434;0.49999999999999994;0.8660254037844387;-0.7071067811865477;0.7071067811865474;3.0;0.0001;
783;0;1;2007;33;3304201;0.0;0.0;0.0;1.0;1.0;0.0;0.0;1.0;0.0;0.0;0.0;0.0;0.0;1.0;449024;230929;339957;428291;0.9749279121818236;-0.22252093395631434;0.49999999999999994;0.8660254037844387;-0.8660254037844386;0.5000000000000001;3.0;0.0001;
784;0;2;2007;43;4313409;0.0;0.0;0.0;1.0;0.0;1.0;0.0;1.0;0.0;0.0;0.0;0.0;0.0;1.0;157307;551186;339957;1486976;0.9749279121818236;-0.22252093395631434;0.49999999999999994;0.8660254037844387;-1.0;-1.8369701987210297e-16;2.0;0.0001;
785;0;1;2007;31;3105608;0.0;0.0;0.0;1.0;1.0;0.0;0.0;1.0;0.0;0.0;0.0;1.0;0.0;0.0;449024;93846;339957;1486976;0.9749279121818236;-0.22252093395631434;0.49999999999999994;0.8660254037844387;-0.8660254037844385;-0.5000000000000004;1.0;0.0001;
786;1;2;2007;29;2915601;0.0;1.0;0.0;0.0;1.0;0.0;0.0;0.0;0.0;1.0;0.0;1.0;0.0;0.0;449024;288147;386016;428291;0.9749279121818236;-0.22252093395631434;0.49999999999999994;0.8660254037844387;-0.9659258262890683;-0.25881904510252063;1.0;0.0001;
787;0;1;2007;42;4204806;0.0;0.0;0.0;1.0;1.0;0.0;0.0;0.0;0.0;1.0;0.0;1.0;0.0;0.0;133299;93846;339957;428291;0.9749279121818236;-0.22252093395631434;0.49999999999999994;0.8660254037844387;-1.0;-1.8369701987210297e-16;1.0;0.0001;
788;1;2;2007;53;5300108;0.0;1.0;0.0;0.0;1.0;0.0;0.0;0.0;0.0;1.0;0.0;1.0;0.0;0.0;449024;551186;386016;1486976;0.9749279121818236;-0.22252093395631434;0.49999999999999994;0.8660254037844387;-0.9659258262890684;0.2588190451025203;2.0;0.0001;
789;0;2;2007;51;5102678;0.0;0.0;0.0;1.0;1.0;0.0;0.0;0.0;0.0;1.0;0.0;1.0;0.0;0.0;157307;551186;1124644;1486976;0.9749279121818236;-0.22252093395631434;0.49999999999999994;0.8660254037844387;-0.9659258262890684;0.2588190451025203;2.0;0.0001;
790;0;1;2007;52;5220686;0.0;0.0;0.0;1.0;1.0;0.0;0.0;0.0;0.0;1.0;0.0;1.0;0.0;0.0;449024;230929;339957;1486976;0.9749279121818236;-0.22252093395631434;0.49999999999999994;0.8660254037844387;-1.0;-1.8369701987210297e-16;1.0;0.0001;
791;0;2;2007;43;4314902;0.0;0.0;0.0;1.0;1.0;0.0;0.0;1.0;0.0;0.0;0.0;0.0;0.0;1.0;505012;551186;339957;1486976;0.9749279121818236;-0.22252093395631434;0.49999999999999994;0.8660254037844387;-1.0;-1.8369701987210297e-16;1.0;0.0001;
792;1;2;2007;41;4106902;0.0;1.0;0.0;0.0;1.0;0.0;0.0;0.0;0.0;1.0;0.0;0.0;0.0;1.0;449024;288147;339957;1486976;0.9749279121818236;-0.22252093395631434;0.49999999999999994;0.8660254037844387;-0.8660254037844386;0.5000000000000001;3.0;0.0001;
793;0;1;2007;42;4206900;0.0;0.0;0.0;1.0;0.0;1.0;0.0;0.0;0.0;1.0;0.0;1.0;0.0;0.0;133299;230929;1124644;428291;0.9749279121818236;-0.22252093395631434;0.49999999999999994;0.8660254037844387;-0.8660254037844386;0.5000000000000001;3.0;0.0001;
794;0;2;2007;41;4104808;0.0;0.0;0.0;1.0;0.0;1.0;0.0;0.0;0.0;1.0;0.0;0.0;0.0;1.0;505012;551186;386016;1486976;0.9749279121818236;-0.22252093395631434;0.49999999999999994;0.8660254037844387;-0.8660254037844386;0.5000000000000001;3.0;0.0001;
795;0;1;2007;31;3105608;0.0;0.0;0.0;1.0;1.0;0.0;0.0;1.0;0.0;0.0;0.0;1.0;0.0;0.0;449024;93846;339957;1486976;0.9749279121818236;-0.22252093395631434;0.49999999999999994;0.8660254037844387;-0.8660254037844385;-0.5000000000000004;1.0;0.0001;
796;0;1;2007;35;3505401;0.0;0.0;0.0;1.0;0.0;1.0;0.0;1.0;0.0;0.0;0.0;1.0;0.0;0.0;449024;93846;339957;428291;0.9749279121818236;-0.22252093395631434;0.49999999999999994;0.8660254037844387;1.2246467991473532e-16;-1.0;1.0;0.0001;
797;0;1;2007;42;4211306;0.0;0.0;0.0;1.0;0.0;1.0;0.0;1.0;0.0;0.0;0.0;0.0;0.0;1.0;505012;95937;339957;428291;0.9749279121818236;-0.22252093395631434;0.49999999999999994;0.8660254037844387;-0.9659258262890684;0.2588190451025203;1.0;0.0001;
798;0;1;2007;50;5008305;0.0;0.0;0.0;1.0;0.0;1.0;0.0;0.0;0.0;1.0;0.0;1.0;0.0;0.0;54811;35726;386016;1486976;0.9749279121818236;-0.22252093395631434;0.49999999999999994;0.8660254037844387;-0.7071067811865477;0.7071067811865474;3.0;0.0001;
799;0;2;2007;42;4211306;0.0;0.0;0.0;1.0;0.0;1.0;0.0;0.0;0.0;1.0;0.0;0.0;0.0;1.0;505012;551186;339957;1486976;0.9749279121818236;-0.22252093395631434;0.49999999999999994;0.8660254037844387;-0.8660254037844386;0.5000000000000001;1.0;0.0001;
800;1;1;2007;33;3305109;0.0;1.0;0.0;0.0;0.0;1.0;0.0;1.0;0.0;0.0;0.0;0.0;0.0;1.0;449024;114825;339957;1486976;0.9749279121818236;-0.22252093395631434;0.49999999999999994;0.8660254037844387;-0.9659258262890684;0.2588190451025203;3.0;0.0004114262884904641;
801;0;2;2007;26;2603009;0.0;0.0;0.0;1.0;0.0;1.0;0.0;0.0;0.0;1.0;0.0;1.0;0.0;0.0;54811;35726;1124644;1486976;0.9749279121818236;-0.22252093395631434;0.49999999999999994;0.8660254037844387;-0.9659258262890684;0.2588190451025203;3.0;0.0001;
802;1;2;2007;35;3515004;0.0;1.0;0.0;0.0;0.0;1.0;0.0;1.0;0.0;0.0;0.0;1.0;0.0;0.0;449024;288147;339957;1486976;0.9749279121818236;-0.22252093395631434;0.49999999999999994;0.8660254037844387;-0.9659258262890683;-0.25881904510252063;1.0;0.0001;
803;2;1;2007;31;3145604;0.0;1.0;0.0;0.0;0.0;1.0;0.0;1.0;0.0;0.0;0.0;1.0;0.0;0.0;449024;230929;339957;428291;0.9749279121818236;-0.22252093395631434;0.49999999999999994;0.8660254037844387;0.7071067811865476;-0.7071067811865475;1.0;0.0001;
804;3;2;2007;22;2211001;0.0;1.0;0.0;0.0;0.0;1.0;0.0;0.0;1.0;0.0;0.0;0.0;0.0;1.0;449024;155614;386016;1486976;0.0;1.0;0.49999999999999994;0.8660254037844387;-0.5000000000000004;0.8660254037844384;3.0;0.0001;
805;0;1;2007;31;3127008;1.0;0.0;0.0;0.0;1.0;0.0;0.0;0.0;0.0;1.0;0.0;1.0;0.0;0.0;449024;230929;1124644;1486976;0.9749279121818236;-0.22252093395631434;0.49999999999999994;0.8660254037844387;-0.7071067811865477;0.7071067811865474;3.0;0.0001;
806;1;2;2007;11;1100114;0.0;1.0;0.0;0.0;1.0;0.0;0.0;0.0;0.0;1.0;0.0;0.0;0.0;1.0;505012;155614;245893;101456;0.9749279121818236;-0.22252093395631434;0.49999999999999994;0.8660254037844387;0.258819045102521;-0.9659258262890682;1.0;0.0001;
807;0;1;2007;35;3505401;0.0;0.0;0.0;1.0;0.0;1.0;0.0;1.0;0.0;0.0;0.0;1.0;0.0;0.0;449024;95937;339957;428291;0.9749279121818236;-0.22252093395631434;0.49999999999999994;0.8660254037844387;1.2246467991473532e-16;-1.0;1.0;0.0001;
808;1;2;2007;21;2111300;0.0;1.0;0.0;0.0;1.0;0.0;0.0;1.0;0.0;0.0;0.0;1.0;0.0;0.0;61083;18434;1124644;1486976;0.9749279121818236;-0.22252093395631434;0.49999999999999994;0.8660254037844387;-0.8660254037844386;0.5000000000000001;3.0;0.0001;
809;0;1;2007;52;5209705;0.0;0.0;0.0;1.0;0.0;1.0;0.0;1.0;0.0;0.0;0.0;1.0;0.0;0.0;23400;230929;339957;428291;0.9749279121818236;-0.22252093395631434;0.49999999999999994;0.8660254037844387;-1.0;-1.8369701987210297e-16;1.0;0.0001;
810;0;1;2007;32;3203205;0.0;0.0;0.0;1.0;1.0;0.0;0.0;0.0;0.0;1.0;0.0;1.0;0.0;0.0;23400;95937;1124644;1486976;0.9749279121818236;-0.22252093395631434;0.49999999999999994;0.8660254037844387;-0.5000000000000004;0.8660254037844384;3.0;0.00010766723585218159;
811;0;2;2007;42;4200705;0.0;0.0;0.0;1.0;1.0;0.0;0.0;0.0;0.0;1.0;0.0;1.0;0.0;0.0;505012;288147;339957;1486976;0.9749279121818236;-0.22252093395631434;0.49999999999999994;0.8660254037844387;-0.8660254037844386;0.5000000000000001;3.0;0.0001;
812;0;2;2007;31;3127701;0.0;0.0;0.0;1.0;0.0;1.0;0.0;0.0;0.0;1.0;0.0;1.0;0.0;0.0;505012;288147;386016;1486976;0.9749279121818236;-0.22252093395631434;0.49999999999999994;0.8660254037844387;-1.0;-1.8369701987210297e-16;1.0;0.0001;
813;0;2;2007;26;2601201;0.0;0.0;0.0;1.0;1.0;0.0;0.0;0.0;0.0;1.0;0.0;0.0;0.0;1.0;61083;155614;245893;1486976;0.9749279121818236;-0.22252093395631434;0.49999999999999994;0.8660254037844387;-0.4999999999999997;-0.8660254037844388;1.0;0.0001;
814;1;1;2007;31;3136207;0.0;1.0;0.0;0.0;0.0;1.0;0.0;0.0;0.0;1.0;0.0;1.0;0.0;0.0;35001;230929;339957;428291;0.9749279121818236;-0.22252093395631434;0.49999999999999994;0.8660254037844387;1.2246467991473532e-16;-1.0;1.0;0.0001;
815;0;2;2007;35;3505401;0.0;0.0;0.0;1.0;0.0;1.0;0.0;1.0;0.0;0.0;0.0;1.0;0.0;0.0;449024;551186;339957;1486976;0.9749279121818236;-0.22252093395631434;0.49999999999999994;0.8660254037844387;1.2246467991473532e-16;-1.0;1.0;0.0001;
816;0;1;2007;31;3151602;0.0;0.0;0.0;1.0;0.0;1.0;0.0;0.0;0.0;1.0;0.0;0.0;0.0;1.0;449024;93846;339957;1486976;0.9749279121818236;-0.22252093395631434;0.49999999999999994;0.8660254037844387;-1.0;-1.8369701987210297e-16;2.0;0.0001;
817;1;1;2007;41;4105805;0.0;1.0;0.0;0.0;1.0;0.0;0.0;1.0;0.0;0.0;0.0;0.0;0.0;1.0;61083;52260;339957;1486976;0.9749279121818236;-0.22252093395631434;0.49999999999999994;0.8660254037844387;-0.25881904510252157;0.9659258262890681;3.0;0.0002496963554869743;
818;0;1;2007;43;4303673;0.0;0.0;0.0;1.0;1.0;0.0;0.0;0.0;0.0;1.0;0.0;1.0;0.0;0.0;449024;230929;339957;428291;0.9749279121818236;-0.22252093395631434;0.49999999999999994;0.8660254037844387;-0.7071067811865477;0.7071067811865474;3.0;0.0001;
819;1;1;2007;31;3167202;0.0;1.0;0.0;0.0;0.0;1.0;0.0;1.0;0.0;0.0;0.0;1.0;0.0;0.0;23400;52260;339957;428291;0.9749279121818236;-0.22252093395631434;0.49999999999999994;0.8660254037844387;-0.8660254037844386;0.5000000000000001;3.0;0.0001;
820;1;2;2007;17;1714302;0.0;1.0;0.0;0.0;1.0;0.0;0.0;0.0;0.0;1.0;0.0;1.0;0.0;0.0;54811;35726;1124644;1486976;0.9749279121818236;-0.22252093395631434;0.49999999999999994;0.8660254037844387;0.8660254037844387;-0.4999999999999998;3.0;0.00010033670064522455;
821;0;2;2007;42;4218004;0.0;0.0;0.0;1.0;1.0;0.0;0.0;1.0;0.0;0.0;0.0;1.0;0.0;0.0;505012;551186;339957;428291;0.9749279121818236;-0.22252093395631434;0.49999999999999994;0.8660254037844387;-0.5000000000000004;0.8660254037844384;3.0;0.0001;
822;1;2;2007;32;3203346;0.0;1.0;0.0;0.0;1.0;0.0;0.0;0.0;0.0;1.0;0.0;1.0;0.0;0.0;133299;551186;339957;428291;0.9749279121818236;-0.22252093395631434;0.49999999999999994;0.8660254037844387;-0.7071067811865471;-0.7071067811865479;1.0;0.0001;
823;2;4;2007;32;3205101;0.0;1.0;0.0;0.0;1.0;0.0;0.0;0.0;0.0;1.0;0.0;1.0;0.0;0.0;133299;551186;339957;1486976;0.9749279121818236;-0.22252093395631434;0.49999999999999994;0.8660254037844387;-0.7071067811865477;0.7071067811865474;3.0;0.0001887612815791439;
824;0;1;2007;35;3505401;0.0;0.0;0.0;1.0;0.0;1.0;0.0;1.0;0.0;0.0;0.0;1.0;0.0;0.0;449024;93846;339957;428291;0.9749279121818236;-0.22252093395631434;0.49999999999999994;0.8660254037844387;-0.2588190451025208;-0.9659258262890683;1.0;0.0001;
825;1;1;2007;29;2910727;0.0;1.0;0.0;0.0;0.0;1.0;0.0;0.0;0.0;1.0;0.0;0.0;0.0;1.0;449024;52260;1124644;1486976;0.9749279121818236;-0.22252093395631434;0.49999999999999994;0.8660254037844387;-0.25881904510252157;0.9659258262890681;3.0;0.0001;
826;2;1;2007;31;3159902;0.0;1.0;0.0;0.0;0.0;1.0;0.0;1.0;0.0;0.0;0.0;1.0;0.0;0.0;23400;95937;339957;428291;0.9749279121818236;-0.22252093395631434;0.49999999999999994;0.8660254037844387;-1.0;-1.8369701987210297e-16;2.0;0.0001;