;feridos;veiculos;ano;CD_UF_IBGE;CD_MUNICIPIO_IBGE;classificacao_acidente_Com Vítimas Fatais;classificacao_acidente_Com Vítimas Feridas;classificacao_acidente_Ignorado;classificacao_acidente_Sem Vítimas;sentido_via_Crescente;sentido_via_Decrescente;sentido_via_Não Informado;tipo_pista_Dupla;tipo_pista_Múltipla;tipo_pista_Simples;uso_solo_Não;uso_solo_Rural;uso_solo_Sim;uso_solo_Urbano;causa_acidente_freq;tipo_acidente_freq;condicao_metereologica_freq;tracado_via_freq;dia_semana_num_sen;dia_semana_num_cos;mes_sen;mes_cos;hora_sen;hora_cos;fase_dia_encoded;br_km_freq_normal;km_relativo
917;0;1;2007;14;1400100;0.0;0.0;0.0;1.0;1.0;0.0;0.0;1.0;0.0;0.0;0.0;0.0;0.0;1.0;449024;93846;1124644;1486976;0.43388373911755823;-0.900968867902419;0.49999999999999994;0.8660254037844387;0.7071067811865476;-0.7071067811865475;1.0;0.0001;
918;0;1;2007;35;3505401;0.0;0.0;0.0;1.0;1.0;0.0;0.0;0.0;1.0;0.0;0.0;1.0;0.0;0.0;449024;95937;339957;428291;0.7818314824680298;0.6234898018587336;0.49999999999999994;0.8660254037844387;0.258819045102521;-0.9659258262890682;1.0;0.0001;
919;0;1;2007;31;3113909;0.0;0.0;0.0;1.0;0.0;1.0;0.0;1.0;0.0;0.0;0.0;1.0;0.0;0.0;449024;230929;339957;428291;0.43388373911755823;-0.900968867902419;0.49999999999999994;0.8660254037844387;0.9659258262890683;-0.25881904510252063;1.0;0.0001;
920;1;2;2007;32;3205002;0.0;1.0;0.0;0.0;0.0;1.0;0.0;1.0;0.0;0.0;0.0;0.0;0.0;1.0;505012;551186;245893;1486976;0.43388373911755823;-0.900968867902419;0.49999999999999994;0.8660254037844387;0.49999999999999994;-0.8660254037844387;1.0;0.0001;
921;0;1;2007;41;4125506;0.0;0.0;0.0;1.0;1.0;0.0;0.0;0.0;1.0;0.0;0.0;0.0;0.0;1.0;505012;230929;386016;1486976;0.9749279121818236;-0.22252093395631434;0.49999999999999994;0.8660254037844387;0.9659258262890683;-0.25881904510252063;1.0;0.0001;
922;0;2;2007;29;2915601;1.0;0.0;0.0;0.0;1.0;0.0;0.0;0.0;0.0;1.0;0.0;1.0;0.0;0.0;505012;18434;245893;1486976;0.43388373911755823;-0.900968867902419;0.49999999999999994;0.8660254037844387;0.8660254037844387;-0.4999999999999998;1.0;0.0001;
923;0;2;2007;42;4211900;0.0;0.0;0.0;1.0;0.0;1.0;0.0;0.0;0.0;1.0;0.0;1.0;0.0;0.0;35001;288147;1124644;1486976;0.0;1.0;0.49999999999999994;0.8660254037844387;-0.8660254037844385;-0.5000000000000004;1.0;0.0001;
924;0;1;2007;35;3505401;0.0;0.0;0.0;1.0;1.0;0.0;0.0;0.0;1.0;0.0;0.0;1.0;0.0;0.0;449024;93846;386016;1486976;0.7818314824680298;0.6234898018587336;0.49999999999999994;0.8660254037844387;1.2246467991473532e-16;-1.0;1.0;0.00022037421465914616;
925;1;2;2007;31;3103009;0.0;1.0;0.0;0.0;0.0;1.0;0.0;0.0;0.0;1.0;0.0;1.0;0.0;0.0;449024;288147;339957;428291;0.9749279121818236;-0.22252093395631434;0.49999999999999994;0.8660254037844387;1.0;6.123233995736766e-17;1.0;0.0001;
926;2;2;2007;24;2402600;0.0;1.0;0.0;0.0;0.0;1.0;0.0;0.0;0.0;1.0;0.0;1.0;0.0;0.0;63300;155614;339957;101456;0.43388373911755823;-0.900968867902419;0.49999999999999994;0.8660254037844387;1.0;6.123233995736766e-17;1.0;0.0001;
927;0;2;2007;41;4104808;0.0;0.0;0.0;1.0;1.0;0.0;0.0;0.0;0.0;1.0;0.0;0.0;0.0;1.0;505012;551186;339957;101456;0.43388373911755823;-0.900968867902419;0.49999999999999994;0.8660254037844387;1.2246467991473532e-16;-1.0;1.0;0.0001;
928;0;1;2007;35;3522208;0.0;0.0;0.0;1.0;0.0;1.0;0.0;1.0;0.0;0.0;0.0;1.0;0.0;0.0;133299;93846;339957;428291;0.43388373911755823;-0.900968867902419;0.49999999999999994;0.8660254037844387;-0.2588190451025208;-0.9659258262890683;1.0;0.0001;
929;0;1;2007;35;3505401;0.0;0.0;0.0;1.0;0.0;1.0;0.0;1.0;0.0;0.0;0.0;1.0;0.0;0.0;449024;230929;1124644;1486976;0.9749279121818236;-0.22252093395631434;0.49999999999999994;0.8660254037844387;0.9659258262890683;0.25881904510252074;0.0;0.0001;
930;0;2;2007;51;5107602;0.0;0.0;0.0;1.0;1.0;0.0;0.0;0.0;0.0;1.0;0.0;0.0;0.0;1.0;505012;288147;1124644;1486976;0.43388373911755823;-0.900968867902419;0.49999999999999994;0.8660254037844387;0.7071067811865476;-0.7071067811865475;1.0;0.0001;
931;1;2;2007;43;4305108;0.0;1.0;0.0;0.0;1.0;0.0;0.0;0.0;1.0;0.0;0.0;0.0;0.0;1.0;63300;155614;1124644;428291;0.43388373911755823;-0.900968867902419;0.49999999999999994;0.8660254037844387;1.2246467991473532e-16;-1.0;1.0;0.00013653121822957497;1.2130081300813007
932;0;2;2007;42;4211900;0.0;0.0;0.0;1.0;0.0;1.0;0.0;0.0;0.0;1.0;0.0;0.0;0.0;1.0;157307;551186;339957;1486976;0.0;1.0;0.49999999999999994;0.8660254037844387;-0.7071067811865471;-0.7071067811865479;1.0;0.00012461909851826976;
933;0;2;2007;42;4208203;0.0;0.0;0.0;1.0;1.0;0.0;0.0;0.0;0.0;1.0;0.0;0.0;0.0;1.0;505012;288147;1124644;101456;0.43388373911755823;-0.900968867902419;0.49999999999999994;0.8660254037844387;0.49999999999999994;-0.8660254037844387;1.0;0.0001;
934;0;1;2007;26;2610608;0.0;0.0;0.0;1.0;1.0;0.0;0.0;0.0;0.0;1.0;0.0;1.0;0.0;0.0;449024;95937;245893;1486976;0.43388373911755823;-0.900968867902419;0.49999999999999994;0.8660254037844387;0.258819045102521;-0.9659258262890682;1.0;0.0001;
935;2;2;2007;42;4217709;0.0;1.0;0.0;0.0;0.0;1.0;0.0;0.0;0.0;1.0;0.0;0.0;0.0;1.0;133299;288147;1124644;101456;0.43388373911755823;-0.900968867902419;0.49999999999999994;0.8660254037844387;0.7071067811865476;-0.7071067811865475;1.0;0.0001;
936;0;1;2007;35;3505401;0.0;0.0;0.0;1.0;1.0;0.0;0.0;0.0;0.0;1.0;0.0;1.0;0.0;0.0;449024;93846;339957;428291;0.0;1.0;0.49999999999999994;0.8660254037844387;-0.9659258262890684;0.2588190451025203;2.0;0.0001;
937;0;2;2007;35;3555406;0.0;0.0;0.0;1.0;1.0;0.0;0.0;0.0;0.0;1.0;0.0;1.0;0.0;0.0;505012;155614;245893;1486976;0.7818314824680298;0.6234898018587336;0.49999999999999994;0.8660254037844387;1.2246467991473532e-16;-1.0;1.0;0.0001;
938;0;3;2007;32;3205002;0.0;0.0;0.0;1.0;1.0;0.0;0.0;0.0;1.0;0.0;0.0;0.0;0.0;1.0;505012;288147;339957;1486976;0.43388373911755823;-0.900968867902419;0.49999999999999994;0.8660254037844387;0.7071067811865476;-0.7071067811865475;1.0;0.00012645173232000902;
939;0;2;2007;32;3205002;0.0;0.0;0.0;1.0;0.0;1.0;0.0;0.0;1.0;0.0;0.0;0.0;0.0;1.0;63300;155614;386016;1486976;0.43388373911755823;-0.900968867902419;0.49999999999999994;0.8660254037844387;0.7071067811865476;-0.7071067811865475;1.0;0.0001;
940;0;1;2007;41;4104006;0.0;0.0;0.0;1.0;0.0;1.0;0.0;1.0;0.0;0.0;0.0;1.0;0.0;0.0;449024;114825;339957;428291;0.9749279121818236;-0.22252093395631434;0.49999999999999994;0.8660254037844387;0.0;1.0;3.0;0.00012232830626609568;
941;0;2;2007;41;4125506;0.0;0.0;0.0;1.0;1.0;0.0;0.0;1.0;0.0;0.0;0.0;1.0;0.0;0.0;449024;551186;386016;1486976;0.7818314824680298;0.6234898018587336;0.49999999999999994;0.8660254037844387;-1.0;-1.8369701987210297e-16;1.0;0.0001;
942;0;1;2007;35;3505401;0.0;0.0;0.0;1.0;0.0;1.0;0.0;1.0;0.0;0.0;0.0;1.0;0.0;0.0;449024;95937;339957;428291;0.7818314824680298;0.6234898018587336;0.49999999999999994;0.8660254037844387;-1.0;-1.8369701987210297e-16;1.0;0.00010766723585218159;
943;0;2;2007;35;3555406;0.0;0.0;0.0;1.0;1.0;0.0;0.0;0.0;0.0;1.0;0.0;0.0;0.0;1.0;449024;155614;245893;1486976;0.7818314824680298;0.6234898018587336;0.49999999999999994;0.8660254037844387;-0.4999999999999997;-0.8660254037844388;1.0;0.0006977753200122236;
944;0;2;2007;29;2912707;1.0;0.0;0.0;0.0;1.0;0.0;0.0;0.0;0.0;1.0;0.0;0.0;0.0;1.0;449024;288147;339957;428291;0.43388373911755823;-0.900968867902419;0.49999999999999994;0.8660254037844387;0.9659258262890683;-0.25881904510252063;1.0;0.0001;
945;0;1;2007;24;2408003;1.0;0.0;0.0;0.0;0.0;1.0;0.0;0.0;0.0;1.0;0.0;0.0;0.0;1.0;449024;14832;1124644;1486976;0.0;1.0;0.49999999999999994;0.8660254037844387;0.8660254037844386;0.5000000000000001;3.0;0.0001;
946;1;2;2007;42;4219507;0.0;1.0;0.0;0.0;0.0;1.0;0.0;0.0;0.0;1.0;0.0;0.0;0.0;1.0;505012;155614;386016;1486976;0.43388373911755823;-0.900968867902419;0.49999999999999994;0.8660254037844387;1.2246467991473532e-16;-1.0;1.0;0.0001;
947;0;2;2007;43;4322509;0.0;0.0;0.0;1.0;1.0;0.0;0.0;0.0;0.0;1.0;0.0;0.0;0.0;1.0;505012;155614;1124644;1486976;0.43388373911755823;-0.900968867902419;0.49999999999999994;0.8660254037844387;-0.2588190451025208;-0.9659258262890683;1.0;0.00023457712662262542;
948;2;1;2007;26;2601904;0.0;1.0;0.0;0.0;1.0;0.0;0.0;1.0;0.0;0.0;0.0;1.0;0.0;0.0;505012;95937;339957;1486976;0.43388373911755823;-0.900968867902419;0.49999999999999994;0.8660254037844387;0.8660254037844387;-0.4999999999999998;1.0;0.0001;
949;0;1;2007;32;3203346;0.0;0.0;0.0;1.0;1.0;0.0;0.0;0.0;0.0;1.0;0.0;0.0;0.0;1.0;449024;95937;339957;428291;0.43388373911755823;-0.900968867902419;0.49999999999999994;0.8660254037844387;1.2246467991473532e-16;-1.0;1.0;0.0001;
950;1;2;2007;35;3549904;0.0;1.0;0.0;0.0;0.0;1.0;0.0;1.0;0.0;0.0;0.0;0.0;0.0;1.0;133299;551186;339957;1486976;0.43388373911755823;-0.900968867902419;0.49999999999999994;0.8660254037844387;0.49999999999999994;-0.8660254037844387;1.0;0.0001;
951;1;1;2007;50;5005707;0.0;1.0;0.0;0.0;0.0;1.0;0.0;0.0;0.0;1.0;0.0;1.0;0.0;0.0;62408;230929;1124644;1486976;0.7818314824680298;0.6234898018587336;0.49999999999999994;0.8660254037844387;-0.8660254037844385;-0.5000000000000004;1.0;0.0001;
952;0;2;2007;15;1502400;0.0;0.0;0.0;1.0;1.0;0.0;0.0;1.0;0.0;0.0;0.0;0.0;0.0;1.0;505012;551186;1124644;101456;0.43388373911755823;-0.900968867902419;0.49999999999999994;0.8660254037844387;-0.2588190451025208;-0.9659258262890683;1.0;0.0001;
953;0;1;2007;35;3505401;0.0;0.0;0.0;1.0;1.0;0.0;0.0;0.0;1.0;0.0;0.0;1.0;0.0;0.0;449024;93846;339957;428291;0.7818314824680298;0.6234898018587336;0.49999999999999994;0.8660254037844387;-0.7071067811865471;-0.7071067811865479;1.0;0.00011316513725739937;
954;2;1;2007;43;4305108;0.0;1.0;0.0;0.0;0.0;1.0;0.0;0.0;0.0;1.0;0.0;0.0;0.0;1.0;133299;93846;1124644;428291;0.0;1.0;0.49999999999999994;0.8660254037844387;0.9659258262890683;-0.25881904510252063;1.0;0.0001;
955;0;1;2007;43;4320800;0.0;0.0;0.0;1.0;0.0;1.0;0.0;0.0;0.0;1.0;0.0;1.0;0.0;0.0;449024;230929;339957;1486976;0.43388373911755823;-0.900968867902419;0.49999999999999994;0.8660254037844387;-0.4999999999999997;-0.8660254037844388;1.0;0.0001;
956;0;2;2007;28;2806107;0.0;0.0;0.0;1.0;0.0;1.0;0.0;0.0;0.0;1.0;0.0;1.0;0.0;0.0;505012;551186;339957;1486976;0.43388373911755823;-0.900968867902419;0.49999999999999994;0.8660254037844387;0.258819045102521;-0.9659258262890682;1.0;0.0001;
957;1;3;2007;42;4207304;0.0;1.0;0.0;0.0;1.0;0.0;0.0;0.0;0.0;1.0;0.0;1.0;0.0;0.0;505012;155614;1124644;1486976;0.43388373911755823;-0.900968867902419;0.49999999999999994;0.8660254037844387;0.258819045102521;-0.9659258262890682;1.0;0.0001;
958;0;2;2007;27;2707701;0.0;0.0;0.0;1.0;0.0;1.0;0.0;0.0;0.0;1.0;0.0;1.0;0.0;0.0;505012;288147;339957;1486976;0.43388373911755823;-0.900968867902419;0.49999999999999994;0.8660254037844387;0.258819045102521;-0.9659258262890682;1.0;0.0001;0.2116543871399866
959;0;1;2007;32;3203346;0.0;0.0;0.0;1.0;1.0;0.0;0.0;0.0;0.0;1.0;0.0;1.0;0.0;0.0;449024;230929;339957;1486976;0.43388373911755823;-0.900968867902419;0.49999999999999994;0.8660254037844387;0.7071067811865476;-0.7071067811865475;1.0;0.0001;
961;0;2;2007;35;3505401;0.0;0.0;0.0;1.0;1.0;0.0;0.0;0.0;1.0;0.0;0.0;1.0;0.0;0.0;449024;288147;339957;428291;0.7818314824680298;0.6234898018587336;0.49999999999999994;0.8660254037844387;-0.9659258262890684;0.2588190451025203;1.0;0.00011316513725739937;
962;0;2;2007;28;2804805;0.0;0.0;0.0;1.0;1.0;0.0;0.0;0.0;0.0;1.0;0.0;1.0;0.0;0.0;505012;155614;339957;1486976;0.43388373911755823;-0.900968867902419;0.49999999999999994;0.8660254037844387;1.2246467991473532e-16;-1.0;1.0;0.0001;
963;1;2;2007;35;3518404;0.0;1.0;0.0;0.0;0.0;1.0;0.0;1.0;0.0;0.0;0.0;1.0;0.0;0.0;449024;551186;339957;1486976;0.9749279121818236;-0.22252093395631434;0.49999999999999994;0.8660254037844387;0.8660254037844386;0.5000000000000001;3.0;0.00015577387314783718;
964;0;1;2007;22;2208007;0.0;0.0;0.0;1.0;1.0;0.0;0.0;0.0;0.0;1.0;0.0;1.0;0.0;0.0;62408;93846;245893;1486976;0.43388373911755823;-0.900968867902419;0.49999999999999994;0.8660254037844387;0.8660254037844387;-0.4999999999999998;1.0;0.0001;
965;0;1;2007;31;3105608;0.0;0.0;0.0;1.0;0.0;1.0;0.0;0.0;0.0;1.0;0.0;1.0;0.0;0.0;40637;230929;21339;428291;0.7818314824680298;0.6234898018587336;0.49999999999999994;0.8660254037844387;0.258819045102521;-0.9659258262890682;1.0;0.0001;
966;1;1;2007;25;2509206;0.0;1.0;0.0;0.0;1.0;0.0;0.0;1.0;0.0;0.0;0.0;1.0;0.0;0.0;133299;230929;339957;1486976;0.43388373911755823;-0.900968867902419;0.49999999999999994;0.8660254037844387;0.8660254037844387;-0.4999999999999998;1.0;0.0001;
967;0;1;2007;43;4315131;0.0;0.0;0.0;1.0;0.0;1.0;0.0;1.0;0.0;0.0;0.0;1.0;0.0;0.0;505012;230929;386016;1486976;0.43388373911755823;-0.900968867902419;0.49999999999999994;0.8660254037844387;0.49999999999999994;-0.8660254037844387;1.0;0.0001;
968;0;1;2007;29;2903706;0.0;0.0;0.0;1.0;0.0;1.0;0.0;0.0;0.0;1.0;0.0;1.0;0.0;0.0;449024;230929;339957;428291;0.43388373911755823;-0.900968867902419;0.49999999999999994;0.8660254037844387;-0.4999999999999997;-0.8660254037844388;1.0;0.0001;
969;1;2;2007;27;2705606;0.0;1.0;0.0;0.0;1.0;0.0;0.0;0.0;0.0;1.0;0.0;1.0;0.0;0.0;449024;43755;245893;428291;0.43388373911755823;-0.900968867902419;0.49999999999999994;0.8660254037844387;1.2246467991473532e-16;-1.0;1.0;0.0001;
970;0;2;2007;32;3205002;0.0;0.0;0.0;1.0;1.0;0.0;0.0;0.0;0.0;1.0;0.0;0.0;0.0;1.0;505012;551186;339957;1486976;0.43388373911755823;-0.900968867902419;0.49999999999999994;0.8660254037844387;-0.7071067811865471;-0.7071067811865479;1.0;0.0001;
971;0;2;2007;35;3529906;0.0;0.0;0.0;1.0;0.0;1.0;0.0;1.0;0.0;0.0;0.0;1.0;0.0;0.0;505012;551186;1124644;1486976;0.43388373911755823;-0.900968867902419;0.49999999999999994;0.8660254037844387;-0.4999999999999997;-0.8660254037844388;1.0;0.0001;
972;0;1;2007;31;3154408;0.0;0.0;0.0;1.0;0.0;1.0;0.0;0.0;0.0;1.0;0.0;0.0;0.0;1.0;505012;230929;339957;428291;0.7818314824680298;0.6234898018587336;0.49999999999999994;0.8660254037844387;-0.25881904510252157;0.9659258262890681;3.0;0.0001;
973;0;2;2007;42;4207007;0.0;0.0;0.0;1.0;1.0;0.0;0.0;0.0;0.0;1.0;0.0;0.0;0.0;1.0;505012;288147;1124644;1486976;0.43388373911755823;-0.900968867902419;0.49999999999999994;0.8660254037844387;0.49999999999999994;-0.8660254037844387;1.0;0.0001;
974;0;3;2007;42;4206900;0.0;0.0;0.0;1.0;0.0;1.0;0.0;0.0;0.0;1.0;0.0;1.0;0.0;0.0;505012;288147;1124644;1486976;0.43388373911755823;-0.900968867902419;0.49999999999999994;0.8660254037844387;1.2246467991473532e-16;-1.0;1.0;0.0001;
975;1;1;2007;24;2401701;0.0;1.0;0.0;0.0;1.0;0.0;0.0;0.0;0.0;1.0;0.0;1.0;0.0;0.0;505012;95937;339957;428291;0.43388373911755823;-0.900968867902419;0.49999999999999994;0.8660254037844387;0.7071067811865476;-0.7071067811865475;1.0;0.0001;
976;0;1;2007;43;4306767;0.0;0.0;0.0;1.0;1.0;0.0;0.0;0.0;0.0;1.0;0.0;0.0;0.0;1.0;157307;93846;386016;428291;0.43388373911755823;-0.900968867902419;0.49999999999999994;0.8660254037844387;-0.7071067811865471;-0.7071067811865479;1.0;0.0001;
977;1;2;2007;33;3301009;1.0;0.0;0.0;0.0;1.0;0.0;0.0;0.0;0.0;1.0;0.0;0.0;0.0;1.0;505012;288147;312;1486976;0.43388373911755823;-0.900968867902419;0.49999999999999994;0.8660254037844387;0.49999999999999994;-0.8660254037844387;1.0;0.0002726042780087151;
978;0;1;2007;31;3168408;0.0;0.0;0.0;1.0;0.0;1.0;0.0;0.0;0.0;1.0;0.0;1.0;0.0;0.0;449024;230929;339957;1486976;0.9749279121818236;-0.22252093395631434;0.49999999999999994;0.8660254037844387;-0.8660254037844385;-0.5000000000000004;1.0;0.0001;
979;0;2;2007;53;5300108;0.0;0.0;0.0;1.0;0.0;1.0;0.0;0.0;0.0;1.0;0.0;1.0;0.0;0.0;449024;99197;1124644;1486976;0.43388373911755823;-0.900968867902419;0.49999999999999994;0.8660254037844387;0.258819045102521;-0.9659258262890682;1.0;0.0001;
980;0;2;2007;35;3529906;0.0;0.0;0.0;1.0;1.0;0.0;0.0;0.0;0.0;1.0;0.0;1.0;0.0;0.0;505012;14832;386016;428291;0.43388373911755823;-0.900968867902419;0.49999999999999994;0.8660254037844387;0.7071067811865476;-0.7071067811865475;1.0;0.0001;
981;0;2;2007;31;3167202;0.0;0.0;0.0;1.0;0.0;1.0;0.0;1.0;0.0;0.0;0.0;1.0;0.0;0.0;23400;551186;339957;428291;0.43388373911755823;-0.900968867902419;0.49999999999999994;0.8660254037844387;-0.4999999999999997;-0.8660254037844388;1.0;0.0001;
982;0;3;2007;43;4322004;0.0;0.0;0.0;1.0;1.0;0.0;0.0;1.0;0.0;0.0;0.0;0.0;0.0;1.0;505012;551186;339957;1486976;0.43388373911755823;-0.900968867902419;0.49999999999999994;0.8660254037844387;-0.7071067811865471;-0.7071067811865479;1.0;0.0001;
983;0;1;2007;51;5105903;0.0;0.0;0.0;1.0;0.0;1.0;0.0;0.0;0.0;1.0;0.0;1.0;0.0;0.0;505012;230929;339957;428291;0.43388373911755823;-0.900968867902419;0.49999999999999994;0.8660254037844387;-0.4999999999999997;-0.8660254037844388;1.0;0.0001;
984;1;1;2007;31;3151008;0.0;1.0;0.0;0.0;0.0;1.0;0.0;0.0;0.0;1.0;0.0;1.0;0.0;0.0;449024;230929;339957;428291;0.9749279121818236;-0.22252093395631434;0.49999999999999994;0.8660254037844387;0.8660254037844387;-0.4999999999999998;1.0;0.0001;
985;3;1;2007;29;2925303;0.0;1.0;0.0;0.0;0.0;1.0;0.0;0.0;0.0;1.0;0.0;1.0;0.0;0.0;133299;230929;339957;428291;0.43388373911755823;-0.900968867902419;0.49999999999999994;0.8660254037844387;0.258819045102521;-0.9659258262890682;1.0;0.0001;
986;0;1;2007;35;3555406;0.0;0.0;0.0;1.0;1.0;0.0;0.0;0.0;0.0;1.0;0.0;1.0;0.0;0.0;133299;95937;339957;1486976;0.43388373911755823;-0.900968867902419;0.49999999999999994;0.8660254037844387;-0.7071067811865471;-0.7071067811865479;1.0;0.0001;
987;0;2;2007;41;4106902;0.0;0.0;0.0;1.0;0.0;1.0;0.0;0.0;0.0;1.0;0.0;0.0;0.0;1.0;449024;155614;386016;1486976;0.43388373911755823;-0.900968867902419;0.49999999999999994;0.8660254037844387;1.2246467991473532e-16;-1.0;1.0;0.0001;
988;0;2;2007;43;4316907;0.0;0.0;0.0;1.0;0.0;1.0;0.0;1.0;0.0;0.0;0.0;1.0;0.0;0.0;157307;288147;339957;428291;0.43388373911755823;-0.900968867902419;0.49999999999999994;0.8660254037844387;-0.8660254037844385;-0.5000000000000004;1.0;0.0001;
989;11;1;2007;31;3127701;0.0;1.0;0.0;0.0;1.0;0.0;0.0;0.0;0.0;1.0;0.0;1.0;0.0;0.0;62408;95937;386016;1486976;0.43388373911755823;-0.900968867902419;0.49999999999999994;0.8660254037844387;0.9659258262890683;-0.25881904510252063;1.0;0.0001;
990;0;2;2007;26;2604106;0.0;0.0;0.0;1.0;1.0;0.0;0.0;0.0;0.0;1.0;0.0;0.0;0.0;1.0;505012;288147;1124644;1486976;0.43388373911755823;-0.900968867902419;0.49999999999999994;0.8660254037844387;0.49999999999999994;-0.8660254037844387;1.0;0.0001;
991;1;1;2007;42;4210100;0.0;1.0;0.0;0.0;0.0;1.0;0.0;0.0;0.0;1.0;0.0;0.0;0.0;1.0;62408;114825;339957;1486976;0.43388373911755823;-0.900968867902419;0.49999999999999994;0.8660254037844387;-0.9659258262890683;-0.25881904510252063;1.0;0.0001;
992;0;2;2007;28;2803609;0.0;0.0;0.0;1.0;1.0;0.0;0.0;0.0;0.0;1.0;0.0;0.0;0.0;1.0;449024;155614;1124644;1486976;0.43388373911755823;-0.900968867902419;0.49999999999999994;0.8660254037844387;0.8660254037844387;-0.4999999999999998;1.0;0.00026893901040523656;
993;0;2;2007;32;3201308;0.0;0.0;0.0;1.0;0.0;1.0;0.0;0.0;0.0;1.0;0.0;0.0;0.0;1.0;449024;288147;386016;428291;0.43388373911755823;-0.900968867902419;0.49999999999999994;0.8660254037844387;0.258819045102521;-0.9659258262890682;1.0;0.0001;
994;0;2;2007;41;4109401;0.0;0.0;0.0;1.0;0.0;1.0;0.0;0.0;0.0;1.0;0.0;0.0;0.0;1.0;449024;155614;245893;1486976;0.43388373911755823;-0.900968867902419;0.49999999999999994;0.8660254037844387;0.7071067811865476;-0.7071067811865475;1.0;0.0001;
995;0;4;2007;28;2802106;0.0;0.0;0.0;1.0;1.0;0.0;0.0;0.0;0.0;1.0;0.0;0.0;0.0;1.0;157307;551186;339957;1486976;0.43388373911755823;-0.900968867902419;0.49999999999999994;0.8660254037844387;0.8660254037844387;-0.4999999999999998;1.0;0.0001;
996;1;1;2007;22;2211001;0.0;1.0;0.0;0.0;1.0;0.0;0.0;0.0;0.0;1.0;0.0;0.0;0.0;1.0;40637;230929;1124644;428291;0.0;1.0;0.49999999999999994;0.8660254037844387;0.9659258262890683;0.25881904510252074;0.0;0.0001;
997;0;1;2007;31;3152501;0.0;0.0;0.0;1.0;0.0;1.0;0.0;0.0;0.0;1.0;0.0;1.0;0.0;0.0;133299;230929;339957;1486976;0.9749279121818236;-0.22252093395631434;0.49999999999999994;0.8660254037844387;-0.7071067811865471;-0.7071067811865479;1.0;0.0001;
998;0;2;2007;32;3200706;0.0;0.0;0.0;1.0;1.0;0.0;0.0;0.0;0.0;1.0;0.0;1.0;0.0;0.0;449024;230929;339957;1486976;0.43388373911755823;-0.900968867902419;0.49999999999999994;0.8660254037844387;0.49999999999999994;-0.8660254037844387;1.0;0.0001;
999;0;2;2007;28;2800506;0.0;0.0;0.0;1.0;1.0;0.0;0.0;0.0;0.0;1.0;0.0;0.0;0.0;1.0;23400;288147;339957;428291;0.43388373911755823;-0.900968867902419;0.49999999999999994;0.8660254037844387;-0.8660254037844385;-0.5000000000000004;1.0;0.0001;
1000;2;1;2007;29;2918001;0.0;1.0;0.0;0.0;1.0;0.0;0.0;0.0;0.0;1.0;0.0;1.0;0.0;0.0;449024;230929;339957;428291;0.43388373911755823;-0.900968867902419;0.49999999999999994;0.8660254037844387;-0.7071067811865471;-0.7071067811865479;1.0;0.0001;
1001;4;1;2007;31;3133600;0.0;1.0;0.0;0.0;1.0;0.0;0.0;1.0;0.0;0.0;0.0;1.0;0.0;0.0;449024;230929;339957;428291;0.9749279121818236;-0.22252093395631434;0.49999999999999994;0.8660254037844387;-0.7071067811865471;-0.7071067811865479;1.0;0.0001;
1002;0;2;2007;42;4208203;0.0;0.0;0.0;1.0;0.0;1.0;0.0;0.0;0.0;1.0;0.0;0.0;0.0;1.0;63300;155614;1124644;101456;0.43388373911755823;-0.900968867902419;0.49999999999999994;0.8660254037844387;-0.4999999999999997;-0.8660254037844388;1.0;0.00042013129904872564;
1003;0;1;2007;31;3145208;0.0;0.0;0.0;1.0;0.0;1.0;0.0;0.0;0.0;1.0;0.0;1.0;0.0;0.0;23400;95937;339957;1486976;0.43388373911755823;-0.900968867902419;0.49999999999999994;0.8660254037844387;1.0;6.123233995736766e-17;0.0;0.0001;
1004;2;1;2007;42;4203600;0.0;1.0;0.0;0.0;0.0;1.0;0.0;0.0;0.0;1.0;0.0;0.0;0.0;1.0;133299;95937;339957;101456;0.43388373911755823;-0.900968867902419;0.49999999999999994;0.8660254037844387;-0.2588190451025208;-0.9659258262890683;1.0;0.0001;
1005;0;2;2007;24;2408102;0.0;0.0;0.0;1.0;0.0;1.0;0.0;0.0;0.0;1.0;0.0;0.0;0.0;1.0;449024;288147;1124644;101456;0.43388373911755823;-0.900968867902419;0.49999999999999994;0.8660254037844387;1.2246467991473532e-16;-1.0;1.0;0.0001;
1006;1;2;2007;43;4313508;0.0;1.0;0.0;0.0;0.0;1.0;0.0;1.0;0.0;0.0;0.0;0.0;0.0;1.0;63300;155614;386016;101456;0.43388373911755823;-0.900968867902419;0.49999999999999994;0.8660254037844387;-1.0;-1.8369701987210297e-16;1.0;0.0001;
1007;1;2;2007;21;2105302;0.0;1.0;0.0;0.0;0.0;1.0;0.0;0.0;0.0;1.0;0.0;0.0;0.0;1.0;505012;288147;245893;1486976;0.43388373911755823;-0.900968867902419;0.49999999999999994;0.8660254037844387;1.2246467991473532e-16;-1.0;1.0;0.0001;